-- phpMyAdmin SQL Dump
-- version 5.2.1
-- https://www.phpmyadmin.net/
--
-- Host: localhost
-- Generation Time: May 22, 2025 at 10:13 AM
-- Server version: 10.4.28-MariaDB
-- PHP Version: 8.2.4

SET SQL_MODE = "NO_AUTO_VALUE_ON_ZERO";
START TRANSACTION;
SET time_zone = "+00:00";


/*!40101 SET @OLD_CHARACTER_SET_CLIENT=@@CHARACTER_SET_CLIENT */;
/*!40101 SET @OLD_CHARACTER_SET_RESULTS=@@CHARACTER_SET_RESULTS */;
/*!40101 SET @OLD_COLLATION_CONNECTION=@@COLLATION_CONNECTION */;
/*!40101 SET NAMES utf8mb4 */;

--
-- Database: `gestions_institut`
--

-- --------------------------------------------------------

--
-- Table structure for table `administrateur`
--

CREATE TABLE `administrateur` (
  `utilisateur_id` char(36) NOT NULL,
  `niveau_acces` varchar(50) DEFAULT NULL
) ENGINE=InnoDB DEFAULT CHARSET=utf8mb4 COLLATE=utf8mb4_general_ci;

--
-- Dumping data for table `administrateur`
--

INSERT INTO `administrateur` (`utilisateur_id`, `niveau_acces`) VALUES
('5e1d50bf-dec1-4cfc-8229-b6d825606ef7', 'super'),
('645d9e56-4f79-426e-b347-92f1c5df4016', 'admin');

-- --------------------------------------------------------

--
-- Table structure for table `authentification`
--

CREATE TABLE `authentification` (
  `id` char(36) NOT NULL,
  `utilisateur_id` char(36) NOT NULL,
  `token` text NOT NULL,
  `expiration` timestamp NOT NULL DEFAULT current_timestamp() ON UPDATE current_timestamp()
) ENGINE=InnoDB DEFAULT CHARSET=utf8mb4 COLLATE=utf8mb4_general_ci;

--
-- Dumping data for table `authentification`
--

INSERT INTO `authentification` (`id`, `utilisateur_id`, `token`, `expiration`) VALUES
('0028a349-e151-4a43-8904-bee1d10ab5c3', '37907743-0ce8-4da3-9fcd-7944f4d6cfd8', 'eyJhbGciOiJIUzI1NiIsInR5cCI6IkpXVCJ9.eyJ1c2VyX2lkIjoiMzc5MDc3NDMtMGNlOC00ZGEzLTlmY2QtNzk0NGY0ZDZjZmQ4IiwiZW1haWwiOiJwcm9mNkBnbWFpbC5jb20iLCJyb2xlIjoiZW5zZWlnbmFudCIsImV4cCI6MTc0NjUyNzExM30.4PcZE_kbwsTk8hjhS5EZplx8NdgL4SrdK6_AHK9SIjQ', '2025-05-06 09:25:13'),
('009129cb-9774-4fca-8ffb-50d0ba8e638c', '37907743-0ce8-4da3-9fcd-7944f4d6cfd8', 'eyJhbGciOiJIUzI1NiIsInR5cCI6IkpXVCJ9.eyJ1c2VyX2lkIjoiMzc5MDc3NDMtMGNlOC00ZGEzLTlmY2QtNzk0NGY0ZDZjZmQ4IiwiZW1haWwiOiJwcm9mNkBnbWFpbC5jb20iLCJyb2xlIjoiZW5zZWlnbmFudCIsImV4cCI6MTc0NjQ5Mzk0NH0.iDpVTOXBEfYS7tsacqwNGn-NWMnYrJII5eCl2_HyFc8', '2025-05-06 00:12:24'),
('0168101a-8692-41cd-a0d3-719fa96c8d41', '7d3d29c3-d66a-4d96-a4a6-86b2e1bc5895', 'eyJhbGciOiJIUzI1NiIsInR5cCI6IkpXVCJ9.eyJ1c2VyX2lkIjoiN2QzZDI5YzMtZDY2YS00ZDk2LWE0YTYtODZiMmUxYmM1ODk1IiwiZW1haWwiOiJoaGhAZ21haWwuY29tIiwicm9sZSI6ImV0dWRpYW50IiwiZXhwIjoxNzQ2MzYwMTAxfQ.2nCBWLVWZkoBtb_0Ue0yPOl7eWEbURmxHOzoinIFPZg', '2025-05-04 11:01:41'),
('01dfc912-2e29-4ef4-8edd-b6d7cb452b18', '6b0f472f-5f6c-400b-acb5-aeac4a24862a', 'eyJhbGciOiJIUzI1NiIsInR5cCI6IkpXVCJ9.eyJ1c2VyX2lkIjoiNmIwZjQ3MmYtNWY2Yy00MDBiLWFjYjUtYWVhYzRhMjQ4NjJhIiwiZW1haWwiOiJwcm9mMUBnbWFpbC5jb20iLCJyb2xlIjoiZW5zZWlnbmFudCIsImV4cCI6MTc0NjQ1MDAwM30.RkyePgOZ-dzxd67-4ydVzI-oMu_n2bIvbBC-gVTZxaE', '2025-05-05 12:00:03'),
('02875c5b-9c1f-468f-b7aa-46a71c3dbad3', '7d3d29c3-d66a-4d96-a4a6-86b2e1bc5895', 'eyJhbGciOiJIUzI1NiIsInR5cCI6IkpXVCJ9.eyJ1c2VyX2lkIjoiN2QzZDI5YzMtZDY2YS00ZDk2LWE0YTYtODZiMmUxYmM1ODk1IiwiZW1haWwiOiJoaGhAZ21haWwuY29tIiwicm9sZSI6ImV0dWRpYW50IiwiZXhwIjoxNzQ2MjE0MTYxfQ.ii06DpJIGo7XCXda7zBbZpcL-64krLvxSMS0crAoEhQ', '2025-05-02 18:29:21'),
('04945673-b451-4430-9969-5c65d84d3330', 'e3009dc8-f832-47b7-b277-c65c008e8c59', 'eyJhbGciOiJIUzI1NiIsInR5cCI6IkpXVCJ9.eyJ1c2VyX2lkIjoiZTMwMDlkYzgtZjgzMi00N2I3LWIyNzctYzY1YzAwOGU4YzU5IiwiZW1haWwiOiJldHVkNkBnbWFpbC5jb20iLCJyb2xlIjoiZXR1ZGlhbnQiLCJleHAiOjE3NDY0NTg4NTl9.NYyTWkN8kMoarj0NhKNWVp40zbTtU46EcpEYMhCN21U', '2025-05-05 14:27:39'),
('04fb370c-ef28-48d7-a82a-62e554aa8685', '37907743-0ce8-4da3-9fcd-7944f4d6cfd8', 'eyJhbGciOiJIUzI1NiIsInR5cCI6IkpXVCJ9.eyJ1c2VyX2lkIjoiMzc5MDc3NDMtMGNlOC00ZGEzLTlmY2QtNzk0NGY0ZDZjZmQ4IiwiZW1haWwiOiJwcm9mNkBnbWFpbC5jb20iLCJyb2xlIjoiZW5zZWlnbmFudCIsImV4cCI6MTc0NjQ1NzEzN30.g9_dJRJQj-jG9usy2jqf0xzLTMIU_KDFHdik2j7ZIh8', '2025-05-05 13:58:57'),
('05428424-39c1-46bb-a305-bf5f2d608eae', '5e1d50bf-dec1-4cfc-8229-b6d825606ef7', 'eyJhbGciOiJIUzI1NiIsInR5cCI6IkpXVCJ9.eyJ1c2VyX2lkIjoiNWUxZDUwYmYtZGVjMS00Y2ZjLTgyMjktYjZkODI1NjA2ZWY3IiwiZW1haWwiOiJiYmJAZ21haWwuY29tIiwicm9sZSI6ImV0dWRpYW50IiwiZXhwIjoxNzQ2MDkwMjU3fQ.HUM7Z2UOUsfYXHnRBRviTlyi1JrsBj28IMHG3D_dvhA', '2025-05-01 08:04:17'),
('05b2123f-e8dd-43fa-b7ff-e79603f15526', '37907743-0ce8-4da3-9fcd-7944f4d6cfd8', 'eyJhbGciOiJIUzI1NiIsInR5cCI6IkpXVCJ9.eyJ1c2VyX2lkIjoiMzc5MDc3NDMtMGNlOC00ZGEzLTlmY2QtNzk0NGY0ZDZjZmQ4IiwiZW1haWwiOiJwcm9mNkBnbWFpbC5jb20iLCJyb2xlIjoiZW5zZWlnbmFudCIsImV4cCI6MTc0NjU0Njg3OX0.P5hyscsPN6jtXCaxwKFkRkJmiF98b8t3snqb18F8Jcg', '2025-05-06 14:54:39'),
('0799c21b-1570-4c92-8ec2-0fe8a85ddd98', 'ae64d706-ee50-4c8e-828b-f56c87e99e1a', 'eyJhbGciOiJIUzI1NiIsInR5cCI6IkpXVCJ9.eyJ1c2VyX2lkIjoiYWU2NGQ3MDYtZWU1MC00YzhlLTgyOGItZjU2Yzg3ZTk5ZTFhIiwiZW1haWwiOiJldHVkMUBnbWFpbC5jb20iLCJyb2xlIjoiZXR1ZGlhbnQiLCJleHAiOjE3NDY0NDUyMzR9.TxA9C1GTiSbhgDnutaKRhliNSHIN3A4YkDi3OJG95yw', '2025-05-05 10:40:34'),
('07b575a4-342d-4c35-a5aa-81d00f4065d6', 'ae64d706-ee50-4c8e-828b-f56c87e99e1a', 'eyJhbGciOiJIUzI1NiIsInR5cCI6IkpXVCJ9.eyJ1c2VyX2lkIjoiYWU2NGQ3MDYtZWU1MC00YzhlLTgyOGItZjU2Yzg3ZTk5ZTFhIiwiZW1haWwiOiJldHVkMUBnbWFpbC5jb20iLCJyb2xlIjoiZXR1ZGlhbnQiLCJleHAiOjE3NDY0NDAzNjB9.Q4v7Ju7JBs7t1TXy2A8MrDCc0F1jJ-uiRN3QCioPwuc', '2025-05-05 09:19:20'),
('0860686d-b424-4d78-a535-398b204b6fa1', '6b0f472f-5f6c-400b-acb5-aeac4a24862a', 'eyJhbGciOiJIUzI1NiIsInR5cCI6IkpXVCJ9.eyJ1c2VyX2lkIjoiNmIwZjQ3MmYtNWY2Yy00MDBiLWFjYjUtYWVhYzRhMjQ4NjJhIiwiZW1haWwiOiJwcm9mMUBnbWFpbC5jb20iLCJyb2xlIjoiZW5zZWlnbmFudCIsImV4cCI6MTc0NjQyODYyM30.4ZoxyscKx00ost_AROw7tCUl0d1FmY1gOMEaheCbVZw', '2025-05-05 06:03:43'),
('099c4f5c-f096-4ce6-b93c-a5fdcd44e1a0', '37907743-0ce8-4da3-9fcd-7944f4d6cfd8', 'eyJhbGciOiJIUzI1NiIsInR5cCI6IkpXVCJ9.eyJ1c2VyX2lkIjoiMzc5MDc3NDMtMGNlOC00ZGEzLTlmY2QtNzk0NGY0ZDZjZmQ4IiwiZW1haWwiOiJwcm9mNkBnbWFpbC5jb20iLCJyb2xlIjoiZW5zZWlnbmFudCIsImV4cCI6MTc0NjQ4MjIzNn0.tzvxZrKD_0Q8YP_LCXlSBeP70DsA1Va-gJ0nK9lSEhg', '2025-05-05 20:57:16'),
('099ce7d8-66f5-416b-8406-affa98543948', '5e1d50bf-dec1-4cfc-8229-b6d825606ef7', 'eyJhbGciOiJIUzI1NiIsInR5cCI6IkpXVCJ9.eyJ1c2VyX2lkIjoiNWUxZDUwYmYtZGVjMS00Y2ZjLTgyMjktYjZkODI1NjA2ZWY3IiwiZW1haWwiOiJiYmJAZ21haWwuY29tIiwicm9sZSI6ImFkbWluaXN0cmF0ZXVyIiwiZXhwIjoxNzQ2MjE3MjkxfQ.3X2g4ZSoq47YgeGOvbfUzC1T-K_t7aH7qZ5_4lJx6cE', '2025-05-02 19:21:31'),
('09a055dd-dbe3-466e-aa62-7ec771c81981', '6b0f472f-5f6c-400b-acb5-aeac4a24862a', 'eyJhbGciOiJIUzI1NiIsInR5cCI6IkpXVCJ9.eyJ1c2VyX2lkIjoiNmIwZjQ3MmYtNWY2Yy00MDBiLWFjYjUtYWVhYzRhMjQ4NjJhIiwiZW1haWwiOiJwcm9mMUBnbWFpbC5jb20iLCJyb2xlIjoiZW5zZWlnbmFudCIsImV4cCI6MTc0NjM2MjYxMX0.6uVcdUYmG9s-6TCTnzzAH9grT_jrhQ-svCMniiiPsTE', '2025-05-04 11:43:31'),
('0a95ae2c-d7ba-434c-a54a-86e5ae8011c0', 'ae64d706-ee50-4c8e-828b-f56c87e99e1a', 'eyJhbGciOiJIUzI1NiIsInR5cCI6IkpXVCJ9.eyJ1c2VyX2lkIjoiYWU2NGQ3MDYtZWU1MC00YzhlLTgyOGItZjU2Yzg3ZTk5ZTFhIiwiZW1haWwiOiJldHVkMUBnbWFpbC5jb20iLCJyb2xlIjoiZXR1ZGlhbnQiLCJleHAiOjE3NDYzNjExODB9.nOcdTQlkiCWjvpi8EmPnoeToFoxwvKEASfcxriYKc_o', '2025-05-04 11:19:40'),
('0d79c62d-c671-4286-a434-65d6d474a950', '5e1d50bf-dec1-4cfc-8229-b6d825606ef7', 'eyJhbGciOiJIUzI1NiIsInR5cCI6IkpXVCJ9.eyJ1c2VyX2lkIjoiNWUxZDUwYmYtZGVjMS00Y2ZjLTgyMjktYjZkODI1NjA2ZWY3IiwiZW1haWwiOiJiYmJAZ21haWwuY29tIiwicm9sZSI6ImV0dWRpYW50IiwiZXhwIjoxNzQ2MDkxMjY2fQ.VUD7vRcvUC921eBP83zChlfC_tJ7pMQGnpQzEmdFXfw', '2025-05-01 08:21:06'),
('0dcf43cd-99d9-47dd-908c-5ee08428327f', '9383ca00-aa17-4e69-a92d-850d55b4d715', 'eyJhbGciOiJIUzI1NiIsInR5cCI6IkpXVCJ9.eyJ1c2VyX2lkIjoiOTM4M2NhMDAtYWExNy00ZTY5LWE5MmQtODUwZDU1YjRkNzE1IiwiZW1haWwiOiJldHVkNEBnbWFpbC5jb20iLCJyb2xlIjoiZXR1ZGlhbnQiLCJleHAiOjE3NDYzNjQ2MjR9.ubmrJdpsVye_1zhgnXhoZ73UcPghvOUmJEusYuyUKAg', '2025-05-04 12:17:04'),
('0eb29209-8895-4517-bed5-97f540828c57', '908988bc-fb01-47a6-a723-cad52dd0873d', 'eyJhbGciOiJIUzI1NiIsInR5cCI6IkpXVCJ9.eyJ1c2VyX2lkIjoiOTA4OTg4YmMtZmIwMS00N2E2LWE3MjMtY2FkNTJkZDA4NzNkIiwiZW1haWwiOiJnZ2dAZ21haWwuY29tIiwicm9sZSI6ImVuc2VpZ25hbnQiLCJleHAiOjE3NDYwOTQ2MDN9.c4hvcBHJ5JF_8QC7ruqqYB6R-tt6ui8H07j54N2HA9k', '2025-05-01 09:16:43'),
('0f611174-0497-439b-821b-50d0b1948f75', '37907743-0ce8-4da3-9fcd-7944f4d6cfd8', 'eyJhbGciOiJIUzI1NiIsInR5cCI6IkpXVCJ9.eyJ1c2VyX2lkIjoiMzc5MDc3NDMtMGNlOC00ZGEzLTlmY2QtNzk0NGY0ZDZjZmQ4IiwiZW1haWwiOiJwcm9mNkBnbWFpbC5jb20iLCJyb2xlIjoiZW5zZWlnbmFudCIsImV4cCI6MTc0NjYyOTE1Mn0.TzNmEIjKkOlrxnCuAsKNdkVf4qMqa05_L3hfZjbOJd0', '2025-05-07 13:45:52'),
('111f15a9-9efe-45d4-a07e-9621b2af1f72', '6b0f472f-5f6c-400b-acb5-aeac4a24862a', 'eyJhbGciOiJIUzI1NiIsInR5cCI6IkpXVCJ9.eyJ1c2VyX2lkIjoiNmIwZjQ3MmYtNWY2Yy00MDBiLWFjYjUtYWVhYzRhMjQ4NjJhIiwiZW1haWwiOiJwcm9mMUBnbWFpbC5jb20iLCJyb2xlIjoiZW5zZWlnbmFudCIsImV4cCI6MTc0NjM5NTI2OH0.wkGeg2k53wKNKvWHjZc5pg3u44BjdFy2db3Zx2HL0sc', '2025-05-04 20:47:48'),
('134f0ff3-c638-4264-90f4-94db710fc4d6', '5e1d50bf-dec1-4cfc-8229-b6d825606ef7', 'eyJhbGciOiJIUzI1NiIsInR5cCI6IkpXVCJ9.eyJ1c2VyX2lkIjoiNWUxZDUwYmYtZGVjMS00Y2ZjLTgyMjktYjZkODI1NjA2ZWY3IiwiZW1haWwiOiJiYmJAZ21haWwuY29tIiwicm9sZSI6ImFkbWluaXN0cmF0ZXVyIiwiZXhwIjoxNzQ2NTYwMzA0fQ.Hx8iPGC6uFW1jSfT-iwccld_aD5fgwoDhvXzE7XiCTg', '2025-05-06 18:38:24'),
('13c7761b-febb-42d2-a244-3b8454a8e3c2', '7d3d29c3-d66a-4d96-a4a6-86b2e1bc5895', 'eyJhbGciOiJIUzI1NiIsInR5cCI6IkpXVCJ9.eyJ1c2VyX2lkIjoiN2QzZDI5YzMtZDY2YS00ZDk2LWE0YTYtODZiMmUxYmM1ODk1IiwiZW1haWwiOiJoaGhAZ21haWwuY29tIiwicm9sZSI6ImV0dWRpYW50IiwiZXhwIjoxNzQ2MjEzMTI4fQ.ySHzw9EAIx1f7NIoijUIi6quYJ6pDYMPCqWXdXWTrek', '2025-05-02 18:12:08'),
('1511b281-7804-4810-b760-bffe392c5cc4', '5e1d50bf-dec1-4cfc-8229-b6d825606ef7', 'eyJhbGciOiJIUzI1NiIsInR5cCI6IkpXVCJ9.eyJ1c2VyX2lkIjoiNWUxZDUwYmYtZGVjMS00Y2ZjLTgyMjktYjZkODI1NjA2ZWY3IiwiZW1haWwiOiJiYmJAZ21haWwuY29tIiwicm9sZSI6ImFkbWluaXN0cmF0ZXVyIiwiZXhwIjoxNzQ2NTMzODM0fQ.VvSmdm44eTWdD_sTkVLH-dIBknpfTb3dQTkDBqkTZco', '2025-05-06 11:17:14'),
('151a4c48-cea8-4a18-bc42-6afd5ea6e38c', '5e1d50bf-dec1-4cfc-8229-b6d825606ef7', 'eyJhbGciOiJIUzI1NiIsInR5cCI6IkpXVCJ9.eyJ1c2VyX2lkIjoiNWUxZDUwYmYtZGVjMS00Y2ZjLTgyMjktYjZkODI1NjA2ZWY3IiwiZW1haWwiOiJiYmJAZ21haWwuY29tIiwicm9sZSI6ImFkbWluaXN0cmF0ZXVyIiwiZXhwIjoxNzQ2NjAzNzQ2fQ.3tfamP2p4-B_ncalEtGPm1Axn7bYyVNIic_M8ewz_aY', '2025-05-07 06:42:26'),
('17e41e91-e727-4852-8450-841b0fa77cae', 'e3009dc8-f832-47b7-b277-c65c008e8c59', 'eyJhbGciOiJIUzI1NiIsInR5cCI6IkpXVCJ9.eyJ1c2VyX2lkIjoiZTMwMDlkYzgtZjgzMi00N2I3LWIyNzctYzY1YzAwOGU4YzU5IiwiZW1haWwiOiJldHVkNkBnbWFpbC5jb20iLCJyb2xlIjoiZXR1ZGlhbnQiLCJleHAiOjE3NDY1MjcwNTd9.Rlxl2PS2rOTbk8GVHByWO_DHfdSECXenXdItJaG5DlA', '2025-05-06 09:24:17'),
('195b05ce-472d-4cd1-a967-13dec3f51373', 'e3009dc8-f832-47b7-b277-c65c008e8c59', 'eyJhbGciOiJIUzI1NiIsInR5cCI6IkpXVCJ9.eyJ1c2VyX2lkIjoiZTMwMDlkYzgtZjgzMi00N2I3LWIyNzctYzY1YzAwOGU4YzU5IiwiZW1haWwiOiJldHVkNkBnbWFpbC5jb20iLCJyb2xlIjoiZXR1ZGlhbnQiLCJleHAiOjE3NDY1MjYyNzd9.TCTj--X6eVZedllCcbTIT_qI1p-4udSKu53j_LLY0A8', '2025-05-06 09:11:17'),
('1a94ea1c-76ec-4a49-95da-d03426fe2bfe', '37907743-0ce8-4da3-9fcd-7944f4d6cfd8', 'eyJhbGciOiJIUzI1NiIsInR5cCI6IkpXVCJ9.eyJ1c2VyX2lkIjoiMzc5MDc3NDMtMGNlOC00ZGEzLTlmY2QtNzk0NGY0ZDZjZmQ4IiwiZW1haWwiOiJwcm9mNkBnbWFpbC5jb20iLCJyb2xlIjoiZW5zZWlnbmFudCIsImV4cCI6MTc0NjYxNDY3N30.BWlu5RDcIlB5bFt-jVrerKx6WIPNqOBNUpDiTjrasOk', '2025-05-07 09:44:37'),
('1b52d533-2b1f-4554-92b0-fba2ac5be3dc', '6b0f472f-5f6c-400b-acb5-aeac4a24862a', 'eyJhbGciOiJIUzI1NiIsInR5cCI6IkpXVCJ9.eyJ1c2VyX2lkIjoiNmIwZjQ3MmYtNWY2Yy00MDBiLWFjYjUtYWVhYzRhMjQ4NjJhIiwiZW1haWwiOiJwcm9mMUBnbWFpbC5jb20iLCJyb2xlIjoiZW5zZWlnbmFudCIsImV4cCI6MTc0NjQzMzY3OH0.lcZqkEDZ9DuOPTeYo8rKnUb21NNHT5BsIbgXwkUyezs', '2025-05-05 07:27:58'),
('1bf5fc5b-4af0-4a45-a770-e5f873292cc6', '2d7a98e9-7780-462c-a2e9-57c2bdadf28b', 'eyJhbGciOiJIUzI1NiIsInR5cCI6IkpXVCJ9.eyJ1c2VyX2lkIjoiMmQ3YTk4ZTktNzc4MC00NjJjLWEyZTktNTdjMmJkYWRmMjhiIiwiZW1haWwiOiJhYmRlc3NhbWFkQGdtYWlsLmNvbSIsInJvbGUiOiJldHVkaWFudCIsImV4cCI6MTc0NjYwMjI4N30.p-ZOb7qYgT-eyuIuRnMqigYv4R6QRb2IGVSV7cQxVnQ', '2025-05-07 06:18:07'),
('1cd9853d-2368-40e8-9c21-156e9910f0d4', '7d3d29c3-d66a-4d96-a4a6-86b2e1bc5895', 'eyJhbGciOiJIUzI1NiIsInR5cCI6IkpXVCJ9.eyJ1c2VyX2lkIjoiN2QzZDI5YzMtZDY2YS00ZDk2LWE0YTYtODZiMmUxYmM1ODk1IiwiZW1haWwiOiJoaGhAZ21haWwuY29tIiwicm9sZSI6ImV0dWRpYW50IiwiZXhwIjoxNzQ2MjE0ODUxfQ.Dz93Y23p8bOBZY1GNn8clP-o-O93BfQ1IZCuB6oNPxI', '2025-05-02 18:40:51'),
('1d4dfbaf-ccad-426c-94ac-c2453cc893a3', '72214877-6131-4490-a33f-fc7367685d9f', 'eyJhbGciOiJIUzI1NiIsInR5cCI6IkpXVCJ9.eyJ1c2VyX2lkIjoiNzIyMTQ4NzctNjEzMS00NDkwLWEzM2YtZmM3MzY3Njg1ZDlmIiwiZW1haWwiOiJwcm9mM0BnbWFpbC5jb20iLCJyb2xlIjoiZW5zZWlnbmFudCIsImV4cCI6MTc0NjQzNTM3Nn0.gamNab0NmHf7yjXeiCqMxhu8NL3XXNFQOrffFyBCm24', '2025-05-05 07:56:16'),
('1f797ddd-ba91-45ed-a0ca-3aaf769fd0d4', 'ae64d706-ee50-4c8e-828b-f56c87e99e1a', 'eyJhbGciOiJIUzI1NiIsInR5cCI6IkpXVCJ9.eyJ1c2VyX2lkIjoiYWU2NGQ3MDYtZWU1MC00YzhlLTgyOGItZjU2Yzg3ZTk5ZTFhIiwiZW1haWwiOiJldHVkMUBnbWFpbC5jb20iLCJyb2xlIjoiZXR1ZGlhbnQiLCJleHAiOjE3NDY0Mzc2Mjl9.sXliw_pP87XSTRXDM3zcWtC_wHxS1eD3_KRyqj-pEWM', '2025-05-05 08:33:49'),
('1f9046b5-119d-4539-908e-48623f8b216f', '9383ca00-aa17-4e69-a92d-850d55b4d715', 'eyJhbGciOiJIUzI1NiIsInR5cCI6IkpXVCJ9.eyJ1c2VyX2lkIjoiOTM4M2NhMDAtYWExNy00ZTY5LWE5MmQtODUwZDU1YjRkNzE1IiwiZW1haWwiOiJldHVkNEBnbWFpbC5jb20iLCJyb2xlIjoiZXR1ZGlhbnQiLCJleHAiOjE3NDY1Nzc1OTR9.UOCMTUNqQNDMuB1xl-BF-lkDS7j5EDlZYHbkwn5WgJc', '2025-05-06 23:26:34'),
('22388af5-dcfb-40eb-aea5-81e898d08270', 'e3009dc8-f832-47b7-b277-c65c008e8c59', 'eyJhbGciOiJIUzI1NiIsInR5cCI6IkpXVCJ9.eyJ1c2VyX2lkIjoiZTMwMDlkYzgtZjgzMi00N2I3LWIyNzctYzY1YzAwOGU4YzU5IiwiZW1haWwiOiJldHVkNkBnbWFpbC5jb20iLCJyb2xlIjoiZXR1ZGlhbnQiLCJleHAiOjE3NDY0NTg0OTZ9.YlzpyOXiSHROjwpY5my5f4XAuxBtuvRXTHuDINCrLa0', '2025-05-05 14:21:36'),
('22f4aaac-cccb-4238-827c-9f5d80f194a2', '37907743-0ce8-4da3-9fcd-7944f4d6cfd8', 'eyJhbGciOiJIUzI1NiIsInR5cCI6IkpXVCJ9.eyJ1c2VyX2lkIjoiMzc5MDc3NDMtMGNlOC00ZGEzLTlmY2QtNzk0NGY0ZDZjZmQ4IiwiZW1haWwiOiJwcm9mNkBnbWFpbC5jb20iLCJyb2xlIjoiZW5zZWlnbmFudCIsImV4cCI6MTc0NjQ4MTk3N30.j3Qh1nfm3t0CyxklOta2ybt_Fx5xuBfHDWRIAFcN-rY', '2025-05-05 20:52:57'),
('270d1fbb-2778-4c11-bbac-3fd88463f0dd', '9383ca00-aa17-4e69-a92d-850d55b4d715', 'eyJhbGciOiJIUzI1NiIsInR5cCI6IkpXVCJ9.eyJ1c2VyX2lkIjoiOTM4M2NhMDAtYWExNy00ZTY5LWE5MmQtODUwZDU1YjRkNzE1IiwiZW1haWwiOiJldHVkNEBnbWFpbC5jb20iLCJyb2xlIjoiZXR1ZGlhbnQiLCJleHAiOjE3NDY1NTQ1NTl9.HO-tTnXaewTz2eLerJvGBEzEYFzkD3tkktol4FGw3dU', '2025-05-06 17:02:39'),
('2850fcdd-fc0c-4968-8bc7-41ec31dff208', '5e1d50bf-dec1-4cfc-8229-b6d825606ef7', 'eyJhbGciOiJIUzI1NiIsInR5cCI6IkpXVCJ9.eyJ1c2VyX2lkIjoiNWUxZDUwYmYtZGVjMS00Y2ZjLTgyMjktYjZkODI1NjA2ZWY3IiwiZW1haWwiOiJiYmJAZ21haWwuY29tIiwicm9sZSI6ImFkbWluaXN0cmF0ZXVyIiwiZXhwIjoxNzQ2NTQyOTI1fQ.FIc40mspcza-EN4Wqf-vOQIrnsZwY9xHa4e7IRgY40Q', '2025-05-06 13:48:45'),
('28592a48-1139-4d9b-9d05-6ad59ad48802', '7d3d29c3-d66a-4d96-a4a6-86b2e1bc5895', 'eyJhbGciOiJIUzI1NiIsInR5cCI6IkpXVCJ9.eyJ1c2VyX2lkIjoiN2QzZDI5YzMtZDY2YS00ZDk2LWE0YTYtODZiMmUxYmM1ODk1IiwiZW1haWwiOiJoaGhAZ21haWwuY29tIiwicm9sZSI6ImV0dWRpYW50IiwiZXhwIjoxNzQ2MjE0ODk1fQ.vJFTXg4y2C0mRrcuWqrBFKAfZRjP2B1uqc_ZdmcPQcw', '2025-05-02 18:41:35'),
('286f049c-8aa2-420d-8d4d-0f87a6f68289', '5e1d50bf-dec1-4cfc-8229-b6d825606ef7', 'eyJhbGciOiJIUzI1NiIsInR5cCI6IkpXVCJ9.eyJ1c2VyX2lkIjoiNWUxZDUwYmYtZGVjMS00Y2ZjLTgyMjktYjZkODI1NjA2ZWY3IiwiZW1haWwiOiJiYmJAZ21haWwuY29tIiwicm9sZSI6ImFkbWluaXN0cmF0ZXVyIiwiZXhwIjoxNzQ2NDQ2MTA0fQ.B4qI4DLR5SW7h8b8gjanoQF02SqT5QLpHuQckFLV2g0', '2025-05-05 10:55:04'),
('2954a978-6278-4af1-bafa-3a6f4796dd2f', '0b858bf5-0dbe-4650-b95f-b40770bbb3a7', 'eyJhbGciOiJIUzI1NiIsInR5cCI6IkpXVCJ9.eyJ1c2VyX2lkIjoiMGI4NThiZjUtMGRiZS00NjUwLWI5NWYtYjQwNzcwYmJiM2E3IiwiZW1haWwiOiJldHVkMkBnbWFpbC5jb20iLCJyb2xlIjoiZXR1ZGlhbnQiLCJleHAiOjE3NDYzNjA0MzR9.ckXmkuloISxJpsISlfdpj_CiQcURSSpXnLKcwBqGS18', '2025-05-04 11:07:14'),
('29f90909-a08f-4fd0-b313-a598b3823e48', 'e3009dc8-f832-47b7-b277-c65c008e8c59', 'eyJhbGciOiJIUzI1NiIsInR5cCI6IkpXVCJ9.eyJ1c2VyX2lkIjoiZTMwMDlkYzgtZjgzMi00N2I3LWIyNzctYzY1YzAwOGU4YzU5IiwiZW1haWwiOiJldHVkNkBnbWFpbC5jb20iLCJyb2xlIjoiZXR1ZGlhbnQiLCJleHAiOjE3NDY1MjY0NDB9.SV5uOO1MSjeWDL3qPd3T3am66dkYABsdA2PnZeSUL3Q', '2025-05-06 09:14:00'),
('2b8b1779-5d1f-413c-876c-721c55bf5d51', '0b858bf5-0dbe-4650-b95f-b40770bbb3a7', 'eyJhbGciOiJIUzI1NiIsInR5cCI6IkpXVCJ9.eyJ1c2VyX2lkIjoiMGI4NThiZjUtMGRiZS00NjUwLWI5NWYtYjQwNzcwYmJiM2E3IiwiZW1haWwiOiJldHVkMkBnbWFpbC5jb20iLCJyb2xlIjoiZXR1ZGlhbnQiLCJleHAiOjE3NDYzNjEzMzR9.HePdjFSG9f4LjdDLuyTLfzEc0H328R7CDJOA5OrTFcU', '2025-05-04 11:22:14'),
('2bf97dac-fd7a-47e8-b238-183627a10596', '908988bc-fb01-47a6-a723-cad52dd0873d', 'eyJhbGciOiJIUzI1NiIsInR5cCI6IkpXVCJ9.eyJ1c2VyX2lkIjoiOTA4OTg4YmMtZmIwMS00N2E2LWE3MjMtY2FkNTJkZDA4NzNkIiwiZW1haWwiOiJnZ2dAZ21haWwuY29tIiwicm9sZSI6ImVuc2VpZ25hbnQiLCJleHAiOjE3NDYyMTA5ODZ9.sm9I0zRKJZLpRUWmO7J0DEGVvTgXzYocDJwrZyf41cc', '2025-05-02 17:36:26'),
('2c6d6278-91d9-4b93-b32e-b3eb84bd6356', '98813281-e220-4da9-b114-580d3fad57ff', 'eyJhbGciOiJIUzI1NiIsInR5cCI6IkpXVCJ9.eyJ1c2VyX2lkIjoiOTg4MTMyODEtZTIyMC00ZGE5LWIxMTQtNTgwZDNmYWQ1N2ZmIiwiZW1haWwiOiJldHVkNUBnbWFpbC5jb20iLCJyb2xlIjoiZXR1ZGlhbnQiLCJleHAiOjE3NDYzNjUyNjd9.nHwjHSn1_x9uITYUc8dD4VisAg5Wr3vQdrOJpK23EE8', '2025-05-04 12:27:47'),
('2d62b885-c21e-483b-8d6d-11bebcf079a7', '6b0f472f-5f6c-400b-acb5-aeac4a24862a', 'eyJhbGciOiJIUzI1NiIsInR5cCI6IkpXVCJ9.eyJ1c2VyX2lkIjoiNmIwZjQ3MmYtNWY2Yy00MDBiLWFjYjUtYWVhYzRhMjQ4NjJhIiwiZW1haWwiOiJwcm9mMUBnbWFpbC5jb20iLCJyb2xlIjoiZW5zZWlnbmFudCIsImV4cCI6MTc0NjQzNTEyOX0.xeK24vwnt9i3rlNykviwoebKmBoL-fCYUrF1-F-1JYs', '2025-05-05 07:52:09'),
('2ecbcb1a-e2af-467f-a653-ed18fcd1f63f', '37907743-0ce8-4da3-9fcd-7944f4d6cfd8', 'eyJhbGciOiJIUzI1NiIsInR5cCI6IkpXVCJ9.eyJ1c2VyX2lkIjoiMzc5MDc3NDMtMGNlOC00ZGEzLTlmY2QtNzk0NGY0ZDZjZmQ4IiwiZW1haWwiOiJwcm9mNkBnbWFpbC5jb20iLCJyb2xlIjoiZW5zZWlnbmFudCIsImV4cCI6MTc0NjU0Mzc2NX0.ij5RXHc8YLMKnoWq1hBXERLogurchujSwAeB3PQ4rqI', '2025-05-06 14:02:45'),
('2f1d3643-00cf-4910-a7d5-8655d2f0e14d', '5e1d50bf-dec1-4cfc-8229-b6d825606ef7', 'eyJhbGciOiJIUzI1NiIsInR5cCI6IkpXVCJ9.eyJ1c2VyX2lkIjoiNWUxZDUwYmYtZGVjMS00Y2ZjLTgyMjktYjZkODI1NjA2ZWY3IiwiZW1haWwiOiJiYmJAZ21haWwuY29tIiwicm9sZSI6ImFkbWluaXN0cmF0ZXVyIiwiZXhwIjoxNzQ2NDQ0MzE1fQ._fUFhD_X_PL2UkdYOFtjW-GtZakVB4Wby5KoCPsb5uY', '2025-05-05 10:25:15'),
('2f1ebded-f9aa-4865-a94a-a39c5febbef3', '908988bc-fb01-47a6-a723-cad52dd0873d', 'eyJhbGciOiJIUzI1NiIsInR5cCI6IkpXVCJ9.eyJ1c2VyX2lkIjoiOTA4OTg4YmMtZmIwMS00N2E2LWE3MjMtY2FkNTJkZDA4NzNkIiwiZW1haWwiOiJnZ2dAZ21haWwuY29tIiwicm9sZSI6ImVuc2VpZ25hbnQiLCJleHAiOjE3NDYyMjE1OTh9.bAZOMpQOvI42nTXEtcxrynCEhcUghlIkG4z_3hOfNdU', '2025-05-02 20:33:18'),
('2f5f89a1-6a44-4977-a077-d0cdbd97e3f2', 'e3009dc8-f832-47b7-b277-c65c008e8c59', 'eyJhbGciOiJIUzI1NiIsInR5cCI6IkpXVCJ9.eyJ1c2VyX2lkIjoiZTMwMDlkYzgtZjgzMi00N2I3LWIyNzctYzY1YzAwOGU4YzU5IiwiZW1haWwiOiJldHVkNkBnbWFpbC5jb20iLCJyb2xlIjoiZXR1ZGlhbnQiLCJleHAiOjE3NDY0OTE0MDh9.KuoD6S4Wno1h-yJxFRg4gGNZD3eIPbScy4t7KTA0Vt8', '2025-05-05 23:30:08'),
('2f8e502e-c257-4e04-a9b4-803f3ff0ff1d', '37907743-0ce8-4da3-9fcd-7944f4d6cfd8', 'eyJhbGciOiJIUzI1NiIsInR5cCI6IkpXVCJ9.eyJ1c2VyX2lkIjoiMzc5MDc3NDMtMGNlOC00ZGEzLTlmY2QtNzk0NGY0ZDZjZmQ4IiwiZW1haWwiOiJwcm9mNkBnbWFpbC5jb20iLCJyb2xlIjoiZW5zZWlnbmFudCIsImV4cCI6MTc0NjQ2NzM4OX0.znMKfTzS9nK4qelBhQzDz-unAaliGT7f8UiMu5ogtBI', '2025-05-05 16:49:49'),
('2fdc61d3-70a2-4d43-8880-831b6c1c5430', '9383ca00-aa17-4e69-a92d-850d55b4d715', 'eyJhbGciOiJIUzI1NiIsInR5cCI6IkpXVCJ9.eyJ1c2VyX2lkIjoiOTM4M2NhMDAtYWExNy00ZTY5LWE5MmQtODUwZDU1YjRkNzE1IiwiZW1haWwiOiJldHVkNEBnbWFpbC5jb20iLCJyb2xlIjoiZXR1ZGlhbnQiLCJleHAiOjE3NDYzNjE3NDJ9.P02v8JSWrCcvfSBywW3dAHMZHyvzqzQ9nnj1jEPSAcc', '2025-05-04 11:29:02'),
('30419a76-1a90-4d9d-8a48-22ec14f4c4fe', '908988bc-fb01-47a6-a723-cad52dd0873d', 'eyJhbGciOiJIUzI1NiIsInR5cCI6IkpXVCJ9.eyJ1c2VyX2lkIjoiOTA4OTg4YmMtZmIwMS00N2E2LWE3MjMtY2FkNTJkZDA4NzNkIiwiZW1haWwiOiJnZ2dAZ21haWwuY29tIiwicm9sZSI6ImVuc2VpZ25hbnQiLCJleHAiOjE3NDYxMDAzNTJ9.5CRQwzNsO1t8TF3CH3AXMT7ayoggp0JyTRSISb0S_kg', '2025-05-01 10:52:32'),
('3070c0c2-4545-46b9-9ec8-3bcf30e5af1b', 'e3009dc8-f832-47b7-b277-c65c008e8c59', 'eyJhbGciOiJIUzI1NiIsInR5cCI6IkpXVCJ9.eyJ1c2VyX2lkIjoiZTMwMDlkYzgtZjgzMi00N2I3LWIyNzctYzY1YzAwOGU4YzU5IiwiZW1haWwiOiJldHVkNkBnbWFpbC5jb20iLCJyb2xlIjoiZXR1ZGlhbnQiLCJleHAiOjE3NDY1NzgwNDV9.BlXNKuxnD2-wrwjvywAdWuhjiRpMq83-GHXQ9xKi09w', '2025-05-06 23:34:05'),
('3226b3ca-e718-432b-931b-cf1df57cf56c', '37907743-0ce8-4da3-9fcd-7944f4d6cfd8', 'eyJhbGciOiJIUzI1NiIsInR5cCI6IkpXVCJ9.eyJ1c2VyX2lkIjoiMzc5MDc3NDMtMGNlOC00ZGEzLTlmY2QtNzk0NGY0ZDZjZmQ4IiwiZW1haWwiOiJwcm9mNkBnbWFpbC5jb20iLCJyb2xlIjoiZW5zZWlnbmFudCIsImV4cCI6MTc0NjU2MTIzM30.2rg_kJurWsF_ab_rxzCz1Oi3V7NmAdib1yXykGkNdTA', '2025-05-06 18:53:53'),
('3294b146-6a21-493f-b016-75b1469fd19e', '986dddfb-601e-4d9e-ad87-f6982fd71dd3', 'eyJhbGciOiJIUzI1NiIsInR5cCI6IkpXVCJ9.eyJ1c2VyX2lkIjoiOTg2ZGRkZmItNjAxZS00ZDllLWFkODctZjY5ODJmZDcxZGQzIiwiZW1haWwiOiJwcm9mQGdtYWlsLmNvbSIsInJvbGUiOiJlbnNlaWduYW50IiwiZXhwIjoxNzQ2NDA1MDk5fQ.VlgCR2JjNW5aYYCfqUENp9LvJKvDU-ujZwDCAFcXy1Y', '2025-05-04 23:31:39'),
('331dccaf-f4bb-4241-ac66-4d41cb0c63c4', 'ae64d706-ee50-4c8e-828b-f56c87e99e1a', 'eyJhbGciOiJIUzI1NiIsInR5cCI6IkpXVCJ9.eyJ1c2VyX2lkIjoiYWU2NGQ3MDYtZWU1MC00YzhlLTgyOGItZjU2Yzg3ZTk5ZTFhIiwiZW1haWwiOiJldHVkMUBnbWFpbC5jb20iLCJyb2xlIjoiZXR1ZGlhbnQiLCJleHAiOjE3NDY1NDM1NDd9.P1WwxLOgrrTEDzXG17DOROVAQ4ji4fr_bc6DyuEQcPk', '2025-05-06 13:59:07'),
('33683f29-d393-46cb-acc9-9ce40a0b9ce9', 'ae64d706-ee50-4c8e-828b-f56c87e99e1a', 'eyJhbGciOiJIUzI1NiIsInR5cCI6IkpXVCJ9.eyJ1c2VyX2lkIjoiYWU2NGQ3MDYtZWU1MC00YzhlLTgyOGItZjU2Yzg3ZTk5ZTFhIiwiZW1haWwiOiJldHVkMUBnbWFpbC5jb20iLCJyb2xlIjoiZXR1ZGlhbnQiLCJleHAiOjE3NDY1MTI1Mjd9.7QCvLqIUp2u4NGAKCsoXC4VuSCGA6_lTfLQxhuPvhOM', '2025-05-06 05:22:07'),
('3395dfba-66ff-4452-a550-adf7ee683274', 'e3009dc8-f832-47b7-b277-c65c008e8c59', 'eyJhbGciOiJIUzI1NiIsInR5cCI6IkpXVCJ9.eyJ1c2VyX2lkIjoiZTMwMDlkYzgtZjgzMi00N2I3LWIyNzctYzY1YzAwOGU4YzU5IiwiZW1haWwiOiJldHVkNkBnbWFpbC5jb20iLCJyb2xlIjoiZXR1ZGlhbnQiLCJleHAiOjE3NDY0OTA5Nzl9.gzMvk6lMV4EBDlcQPUdE6f2zoYKEwRheNW0CxzyR9uw', '2025-05-05 23:22:59'),
('34b98e00-90e8-4bf5-b0f1-2703acb96bed', '37907743-0ce8-4da3-9fcd-7944f4d6cfd8', 'eyJhbGciOiJIUzI1NiIsInR5cCI6IkpXVCJ9.eyJ1c2VyX2lkIjoiMzc5MDc3NDMtMGNlOC00ZGEzLTlmY2QtNzk0NGY0ZDZjZmQ4IiwiZW1haWwiOiJwcm9mNkBnbWFpbC5jb20iLCJyb2xlIjoiZW5zZWlnbmFudCIsImV4cCI6MTc0NjQ1NDQwM30.SulAASdUweqbA48-Q3wT5jRFb7hXgPDguvBQ0niaFUI', '2025-05-05 13:13:23'),
('34d9daab-1e40-4afd-a2fa-8af77cd75b80', '60937559-3c61-48ba-939c-bcc6d2e21e7c', 'eyJhbGciOiJIUzI1NiIsInR5cCI6IkpXVCJ9.eyJ1c2VyX2lkIjoiNjA5Mzc1NTktM2M2MS00OGJhLTkzOWMtYmNjNmQyZTIxZTdjIiwiZW1haWwiOiJwcm9mNEBnbWFpbC5jb20iLCJyb2xlIjoiZW5zZWlnbmFudCIsImV4cCI6MTc0NjQzODA3MX0.zAsTKJ6QJ33wqm7A4ZcRn4LIKXmzORRrjKR55Cc23e0', '2025-05-05 08:41:11'),
('37137cfc-d6e7-49de-bb3f-a5ca54273fc3', 'e3009dc8-f832-47b7-b277-c65c008e8c59', 'eyJhbGciOiJIUzI1NiIsInR5cCI6IkpXVCJ9.eyJ1c2VyX2lkIjoiZTMwMDlkYzgtZjgzMi00N2I3LWIyNzctYzY1YzAwOGU4YzU5IiwiZW1haWwiOiJldHVkNkBnbWFpbC5jb20iLCJyb2xlIjoiZXR1ZGlhbnQiLCJleHAiOjE3NDY1NzY5Mzd9.ASLyCy0OZxs49FvrqNz9fRi-5nsCI4c6MKIHUpxMszs', '2025-05-06 23:15:37'),
('3a31d2f2-f5bd-4d4b-9301-f7bc2f6188fb', 'e3009dc8-f832-47b7-b277-c65c008e8c59', 'eyJhbGciOiJIUzI1NiIsInR5cCI6IkpXVCJ9.eyJ1c2VyX2lkIjoiZTMwMDlkYzgtZjgzMi00N2I3LWIyNzctYzY1YzAwOGU4YzU5IiwiZW1haWwiOiJldHVkNkBnbWFpbC5jb20iLCJyb2xlIjoiZXR1ZGlhbnQiLCJleHAiOjE3NDY0ODExNTZ9.fRa7gUewQiXsQF1n0b_A_nlL6NwkYKYtiVGfNw-LqLo', '2025-05-05 20:39:16'),
('3a524324-97c5-401e-aa23-d2ba5579e95d', '908988bc-fb01-47a6-a723-cad52dd0873d', 'eyJhbGciOiJIUzI1NiIsInR5cCI6IkpXVCJ9.eyJ1c2VyX2lkIjoiOTA4OTg4YmMtZmIwMS00N2E2LWE3MjMtY2FkNTJkZDA4NzNkIiwiZW1haWwiOiJnZ2dAZ21haWwuY29tIiwicm9sZSI6ImVuc2VpZ25hbnQiLCJleHAiOjE3NDYxMDM3NDl9.en0WrI4HCDyii70oyLaiY5ndrMn7Slw8QcM8hgTIbyk', '2025-05-01 11:49:09'),
('3a7c73cb-5964-4cec-9710-e9f1d15f4cb3', 'e3009dc8-f832-47b7-b277-c65c008e8c59', 'eyJhbGciOiJIUzI1NiIsInR5cCI6IkpXVCJ9.eyJ1c2VyX2lkIjoiZTMwMDlkYzgtZjgzMi00N2I3LWIyNzctYzY1YzAwOGU4YzU5IiwiZW1haWwiOiJldHVkNkBnbWFpbC5jb20iLCJyb2xlIjoiZXR1ZGlhbnQiLCJleHAiOjE3NDY0OTM5NzN9.4OkpeBNbr9j5FMtLl09jDRxKSryDnyiuPfv9ePkZ0GI', '2025-05-06 00:12:53'),
('3c6908fd-594b-4863-9e29-ff89437031b4', 'ae64d706-ee50-4c8e-828b-f56c87e99e1a', 'eyJhbGciOiJIUzI1NiIsInR5cCI6IkpXVCJ9.eyJ1c2VyX2lkIjoiYWU2NGQ3MDYtZWU1MC00YzhlLTgyOGItZjU2Yzg3ZTk5ZTFhIiwiZW1haWwiOiJldHVkMUBnbWFpbC5jb20iLCJyb2xlIjoiZXR1ZGlhbnQiLCJleHAiOjE3NDY1MzM4OTJ9.mHcoDbBK9EUcnQbWrtEGewmVu2Dxx6zxKXn43peV0nY', '2025-05-06 11:18:12'),
('3cc2c595-3c98-47fb-9a20-05cedcb2f3d0', '5e1d50bf-dec1-4cfc-8229-b6d825606ef7', 'eyJhbGciOiJIUzI1NiIsInR5cCI6IkpXVCJ9.eyJ1c2VyX2lkIjoiNWUxZDUwYmYtZGVjMS00Y2ZjLTgyMjktYjZkODI1NjA2ZWY3IiwiZW1haWwiOiJiYmJAZ21haWwuY29tIiwicm9sZSI6ImFkbWluaXN0cmF0ZXVyIiwiZXhwIjoxNzQ2MzcxMzY5fQ.Vb-BMxlS3Vu25Xv4O4VGACEaq1U95870l7XNTLnZKZs', '2025-05-04 14:09:29'),
('3d0cb7eb-288f-438a-8fcb-86bc74440944', '908988bc-fb01-47a6-a723-cad52dd0873d', 'eyJhbGciOiJIUzI1NiIsInR5cCI6IkpXVCJ9.eyJ1c2VyX2lkIjoiOTA4OTg4YmMtZmIwMS00N2E2LWE3MjMtY2FkNTJkZDA4NzNkIiwiZW1haWwiOiJnZ2dAZ21haWwuY29tIiwicm9sZSI6ImVuc2VpZ25hbnQiLCJleHAiOjE3NDYxMTQ2NzR9.KC_OGnisi-fHljj6A-IIapl0SMlcqNhf--Nn5aG-MKs', '2025-05-01 14:51:14'),
('3e81e30b-31f0-48c1-9e7a-afc5658497e5', 'a8c7c2de-7437-4cd9-a41d-c046d0345b27', 'eyJhbGciOiJIUzI1NiIsInR5cCI6IkpXVCJ9.eyJ1c2VyX2lkIjoiYThjN2MyZGUtNzQzNy00Y2Q5LWE0MWQtYzA0NmQwMzQ1YjI3IiwiZW1haWwiOiJwcm9mMkBnbWFpbC5jb20iLCJyb2xlIjoiZW5zZWlnbmFudCIsImV4cCI6MTc0NjQzMzc1OX0.s68c9Mwh3Q7P58TkM9e4ISc80hsyBGb6Hj59lktNbGI', '2025-05-05 07:29:19'),
('41d85c0e-2905-46eb-8154-9e071e186dcc', 'e3009dc8-f832-47b7-b277-c65c008e8c59', 'eyJhbGciOiJIUzI1NiIsInR5cCI6IkpXVCJ9.eyJ1c2VyX2lkIjoiZTMwMDlkYzgtZjgzMi00N2I3LWIyNzctYzY1YzAwOGU4YzU5IiwiZW1haWwiOiJldHVkNkBnbWFpbC5jb20iLCJyb2xlIjoiZXR1ZGlhbnQiLCJleHAiOjE3NDY1NDg0ODF9.hBTl4RjkLF9HYlyE7D89H4zPBIfPjMyVAuWA0Bv115c', '2025-05-06 15:21:21'),
('432ceaf2-272c-45a5-8bc6-17df4bfedb5a', '98813281-e220-4da9-b114-580d3fad57ff', 'eyJhbGciOiJIUzI1NiIsInR5cCI6IkpXVCJ9.eyJ1c2VyX2lkIjoiOTg4MTMyODEtZTIyMC00ZGE5LWIxMTQtNTgwZDNmYWQ1N2ZmIiwiZW1haWwiOiJldHVkNUBnbWFpbC5jb20iLCJyb2xlIjoiZXR1ZGlhbnQiLCJleHAiOjE3NDYzNjY2NzJ9.9NuFkqoj5KE0SDGHouNCWcfm6PAfyGKfwRvS69RGDhw', '2025-05-04 12:51:12'),
('4482aae2-ec79-4d5b-a15e-0eaf7b427cae', '5e1d50bf-dec1-4cfc-8229-b6d825606ef7', 'eyJhbGciOiJIUzI1NiIsInR5cCI6IkpXVCJ9.eyJ1c2VyX2lkIjoiNWUxZDUwYmYtZGVjMS00Y2ZjLTgyMjktYjZkODI1NjA2ZWY3IiwiZW1haWwiOiJiYmJAZ21haWwuY29tIiwicm9sZSI6ImFkbWluaXN0cmF0ZXVyIiwiZXhwIjoxNzQ2MjY5NzAxfQ.ngQR8Es7AZdSKBCQzt1eHtPnJAYgqVJlYBerBDmBtSQ', '2025-05-03 09:55:01'),
('459bfae2-bec1-4468-827f-3364861f858b', '37907743-0ce8-4da3-9fcd-7944f4d6cfd8', 'eyJhbGciOiJIUzI1NiIsInR5cCI6IkpXVCJ9.eyJ1c2VyX2lkIjoiMzc5MDc3NDMtMGNlOC00ZGEzLTlmY2QtNzk0NGY0ZDZjZmQ4IiwiZW1haWwiOiJwcm9mNkBnbWFpbC5jb20iLCJyb2xlIjoiZW5zZWlnbmFudCIsImV4cCI6MTc0NjQ1NjU0M30.s26QwrNhwOpOU7dKmZqz2RDrUTTccpGQheWz-oNQVng', '2025-05-05 13:49:03'),
('478dc7a4-20cb-42f8-b6e2-0dd41fa7d1ed', 'ae64d706-ee50-4c8e-828b-f56c87e99e1a', 'eyJhbGciOiJIUzI1NiIsInR5cCI6IkpXVCJ9.eyJ1c2VyX2lkIjoiYWU2NGQ3MDYtZWU1MC00YzhlLTgyOGItZjU2Yzg3ZTk5ZTFhIiwiZW1haWwiOiJldHVkMUBnbWFpbC5jb20iLCJyb2xlIjoiZXR1ZGlhbnQiLCJleHAiOjE3NDY0NDU4ODR9.LFHmnZ4fTCKeu2pZ78e82YIJSW4JrveLGaxl97GPCt4', '2025-05-05 10:51:24'),
('48fd4282-04f1-4fa2-a7c1-d04854982109', '5e1d50bf-dec1-4cfc-8229-b6d825606ef7', 'eyJhbGciOiJIUzI1NiIsInR5cCI6IkpXVCJ9.eyJ1c2VyX2lkIjoiNWUxZDUwYmYtZGVjMS00Y2ZjLTgyMjktYjZkODI1NjA2ZWY3IiwiZW1haWwiOiJiYmJAZ21haWwuY29tIiwicm9sZSI6ImFkbWluaXN0cmF0ZXVyIiwiZXhwIjoxNzQ2MzcyNjg1fQ.OZ7Iefhr7hzlqJypqPGPF-GONXY3enDZxcDIkeMjLXA', '2025-05-04 14:31:25'),
('4a3d21e7-f2bb-449e-995e-cc85ad52bc5e', '37907743-0ce8-4da3-9fcd-7944f4d6cfd8', 'eyJhbGciOiJIUzI1NiIsInR5cCI6IkpXVCJ9.eyJ1c2VyX2lkIjoiMzc5MDc3NDMtMGNlOC00ZGEzLTlmY2QtNzk0NGY0ZDZjZmQ4IiwiZW1haWwiOiJwcm9mNkBnbWFpbC5jb20iLCJyb2xlIjoiZW5zZWlnbmFudCIsImV4cCI6MTc0NjU1MzU5M30.aOnvl1GdYNqhHbzIJLVr5UB_qOiVqHT_LFCO55rin3g', '2025-05-06 16:46:33'),
('4b26abc6-7ffa-412f-81e2-aa1e7dda46d4', '6b0f472f-5f6c-400b-acb5-aeac4a24862a', 'eyJhbGciOiJIUzI1NiIsInR5cCI6IkpXVCJ9.eyJ1c2VyX2lkIjoiNmIwZjQ3MmYtNWY2Yy00MDBiLWFjYjUtYWVhYzRhMjQ4NjJhIiwiZW1haWwiOiJwcm9mMUBnbWFpbC5jb20iLCJyb2xlIjoiZW5zZWlnbmFudCIsImV4cCI6MTc0NjM2NjE2N30.6seTC2bPesaZYngq1I50q0woR7_RCG0HEN3Eeb4yaak', '2025-05-04 12:42:47'),
('4c9f0962-987f-4fcc-aeef-c5fb1a43ed36', '37907743-0ce8-4da3-9fcd-7944f4d6cfd8', 'eyJhbGciOiJIUzI1NiIsInR5cCI6IkpXVCJ9.eyJ1c2VyX2lkIjoiMzc5MDc3NDMtMGNlOC00ZGEzLTlmY2QtNzk0NGY0ZDZjZmQ4IiwiZW1haWwiOiJwcm9mNkBnbWFpbC5jb20iLCJyb2xlIjoiZW5zZWlnbmFudCIsImV4cCI6MTc0NjQ5MzgwNX0.K6culDOh9YAn1Ctto5OQkxLWaVik1GfTgTxGTyBYk7g', '2025-05-06 00:10:05'),
('4d9a467c-62f9-41ab-83c4-0f6cd5301d49', '5e1d50bf-dec1-4cfc-8229-b6d825606ef7', 'eyJhbGciOiJIUzI1NiIsInR5cCI6IkpXVCJ9.eyJ1c2VyX2lkIjoiNWUxZDUwYmYtZGVjMS00Y2ZjLTgyMjktYjZkODI1NjA2ZWY3IiwiZW1haWwiOiJiYmJAZ21haWwuY29tIiwicm9sZSI6ImV0dWRpYW50IiwiZXhwIjoxNzQ2MDkwNzIyfQ.K6ibAeujFPmyf_8OuAX1buOfrQTFlByG-XXc1PiJNXE', '2025-05-01 08:12:02'),
('4e6e968f-d21b-4ace-ba46-f439b28f4bb4', 'e3009dc8-f832-47b7-b277-c65c008e8c59', 'eyJhbGciOiJIUzI1NiIsInR5cCI6IkpXVCJ9.eyJ1c2VyX2lkIjoiZTMwMDlkYzgtZjgzMi00N2I3LWIyNzctYzY1YzAwOGU4YzU5IiwiZW1haWwiOiJldHVkNkBnbWFpbC5jb20iLCJyb2xlIjoiZXR1ZGlhbnQiLCJleHAiOjE3NDY0NTYzNjJ9.kpQBGXU_L8k2t6oCsncxPzxQnVwY-WvvBxXjxRS-W20', '2025-05-05 13:46:02'),
('4fe1ad8f-428e-4407-acf1-8248c8662022', '5e1d50bf-dec1-4cfc-8229-b6d825606ef7', 'eyJhbGciOiJIUzI1NiIsInR5cCI6IkpXVCJ9.eyJ1c2VyX2lkIjoiNWUxZDUwYmYtZGVjMS00Y2ZjLTgyMjktYjZkODI1NjA2ZWY3IiwiZW1haWwiOiJiYmJAZ21haWwuY29tIiwicm9sZSI6ImFkbWluaXN0cmF0ZXVyIiwiZXhwIjoxNzQ2NTQzMTgxfQ.FRwyC1iups8HE8AQ-ExAAjed6vTYa9FhPtPFCKD3Vbw', '2025-05-06 13:53:01'),
('51b5182b-1b6d-4faf-9ba1-35f31d4bd181', '5e1d50bf-dec1-4cfc-8229-b6d825606ef7', 'eyJhbGciOiJIUzI1NiIsInR5cCI6IkpXVCJ9.eyJ1c2VyX2lkIjoiNWUxZDUwYmYtZGVjMS00Y2ZjLTgyMjktYjZkODI1NjA2ZWY3IiwiZW1haWwiOiJiYmJAZ21haWwuY29tIiwicm9sZSI6ImFkbWluaXN0cmF0ZXVyIiwiZXhwIjoxNzQ2NzUyMjYxfQ.Y0m0cuGvxbdw7JdgDbSSltcwMyOHM4O9qtPxGFqGgp4', '2025-05-08 23:57:41'),
('52145555-bb8e-43e6-887b-719012b6e68e', 'e3009dc8-f832-47b7-b277-c65c008e8c59', 'eyJhbGciOiJIUzI1NiIsInR5cCI6IkpXVCJ9.eyJ1c2VyX2lkIjoiZTMwMDlkYzgtZjgzMi00N2I3LWIyNzctYzY1YzAwOGU4YzU5IiwiZW1haWwiOiJldHVkNkBnbWFpbC5jb20iLCJyb2xlIjoiZXR1ZGlhbnQiLCJleHAiOjE3NDY1NTQ3MTV9.-Bb8qvR3N416nrgMwH3R3hQfVG16TgM9_KvC9jZgSOU', '2025-05-06 17:05:15'),
('52b97c09-94f8-4b51-a2ac-e8c66f7ddc3c', '04a8443e-48ec-40b3-8921-87e4ef50fb7e', 'eyJhbGciOiJIUzI1NiIsInR5cCI6IkpXVCJ9.eyJ1c2VyX2lkIjoiMDRhODQ0M2UtNDhlYy00MGIzLTg5MjEtODdlNGVmNTBmYjdlIiwiZW1haWwiOiJldHVkM0BnbWFpbC5jb20iLCJyb2xlIjoiZXR1ZGlhbnQiLCJleHAiOjE3NDY0MzYxNTd9.DOICSAFE423Wvmg0ndXRIjmUz0TXYGq6WVXAAu8jkfQ', '2025-05-05 08:09:17'),
('5355e2b8-2a2c-49d8-ba3a-2f4e7748a849', '908988bc-fb01-47a6-a723-cad52dd0873d', 'eyJhbGciOiJIUzI1NiIsInR5cCI6IkpXVCJ9.eyJ1c2VyX2lkIjoiOTA4OTg4YmMtZmIwMS00N2E2LWE3MjMtY2FkNTJkZDA4NzNkIiwiZW1haWwiOiJnZ2dAZ21haWwuY29tIiwicm9sZSI6ImVuc2VpZ25hbnQiLCJleHAiOjE3NDYyOTM1MDh9.Mxp6S-NBIQTsGoOlnzdVpLZM3M8c7NgpEaC6x8024Fw', '2025-05-03 16:31:48'),
('5439c32c-4693-496e-a49e-f870a6835183', '37907743-0ce8-4da3-9fcd-7944f4d6cfd8', 'eyJhbGciOiJIUzI1NiIsInR5cCI6IkpXVCJ9.eyJ1c2VyX2lkIjoiMzc5MDc3NDMtMGNlOC00ZGEzLTlmY2QtNzk0NGY0ZDZjZmQ4IiwiZW1haWwiOiJwcm9mNkBnbWFpbC5jb20iLCJyb2xlIjoiZW5zZWlnbmFudCIsImV4cCI6MTc0NjUxMzI4Mn0.WwKAErWBtRFlYUX8n5LUNky11k3ZBcxrfl143pPFVNQ', '2025-05-06 05:34:42'),
('5519b61c-c166-4674-8546-59a41b428b6f', 'ae64d706-ee50-4c8e-828b-f56c87e99e1a', 'eyJhbGciOiJIUzI1NiIsInR5cCI6IkpXVCJ9.eyJ1c2VyX2lkIjoiYWU2NGQ3MDYtZWU1MC00YzhlLTgyOGItZjU2Yzg3ZTk5ZTFhIiwiZW1haWwiOiJldHVkMUBnbWFpbC5jb20iLCJyb2xlIjoiZXR1ZGlhbnQiLCJleHAiOjE3NDYzNjE3Mjd9.NfSqTNaLuuEkJ_nE8pdTM0RRdI5XoSTWan3dIvFNvYA', '2025-05-04 11:28:47'),
('55c6ea55-74ce-4e87-903e-1ee2ab0e7589', '6b0f472f-5f6c-400b-acb5-aeac4a24862a', 'eyJhbGciOiJIUzI1NiIsInR5cCI6IkpXVCJ9.eyJ1c2VyX2lkIjoiNmIwZjQ3MmYtNWY2Yy00MDBiLWFjYjUtYWVhYzRhMjQ4NjJhIiwiZW1haWwiOiJwcm9mMUBnbWFpbC5jb20iLCJyb2xlIjoiZW5zZWlnbmFudCIsImV4cCI6MTc0NjQzMDY2OH0.OM7jN88b1EVGCqHk0rS7mDgw2SJCGXrL8y8wxS4EBNI', '2025-05-05 06:37:48'),
('5636e016-76cd-4b64-a6b2-8e54c1826197', '5e1d50bf-dec1-4cfc-8229-b6d825606ef7', 'eyJhbGciOiJIUzI1NiIsInR5cCI6IkpXVCJ9.eyJ1c2VyX2lkIjoiNWUxZDUwYmYtZGVjMS00Y2ZjLTgyMjktYjZkODI1NjA2ZWY3IiwiZW1haWwiOiJiYmJAZ21haWwuY29tIiwicm9sZSI6ImFkbWluaXN0cmF0ZXVyIiwiZXhwIjoxNzQ2NTU0NTg0fQ.dlzk_YcqqyebrV0ICPCvH1GOfFKTVSltLpiylpBYVUQ', '2025-05-06 17:03:04'),
('56aebf62-944d-45ed-8e37-826f7cc494df', 'ae64d706-ee50-4c8e-828b-f56c87e99e1a', 'eyJhbGciOiJIUzI1NiIsInR5cCI6IkpXVCJ9.eyJ1c2VyX2lkIjoiYWU2NGQ3MDYtZWU1MC00YzhlLTgyOGItZjU2Yzg3ZTk5ZTFhIiwiZW1haWwiOiJldHVkMUBnbWFpbC5jb20iLCJyb2xlIjoiZXR1ZGlhbnQiLCJleHAiOjE3NDYzNTk5NjZ9.b1QmsuJVX-JGbNReaWK97adxzMURRHvLRWfEj4HXPDM', '2025-05-04 10:59:26'),
('57690b13-e003-4ae8-83a0-3b5c3d9c6ec0', '908988bc-fb01-47a6-a723-cad52dd0873d', 'eyJhbGciOiJIUzI1NiIsInR5cCI6IkpXVCJ9.eyJ1c2VyX2lkIjoiOTA4OTg4YmMtZmIwMS00N2E2LWE3MjMtY2FkNTJkZDA4NzNkIiwiZW1haWwiOiJnZ2dAZ21haWwuY29tIiwicm9sZSI6ImVuc2VpZ25hbnQiLCJleHAiOjE3NDYyMTY0NDZ9.fAb1D-YNmKPtlDJ73Z1fpqWeR0OksVwl5MvtuOKSsmM', '2025-05-02 19:07:26'),
('5892a859-c3d9-4246-8511-1fe3628f05e7', 'ae64d706-ee50-4c8e-828b-f56c87e99e1a', 'eyJhbGciOiJIUzI1NiIsInR5cCI6IkpXVCJ9.eyJ1c2VyX2lkIjoiYWU2NGQ3MDYtZWU1MC00YzhlLTgyOGItZjU2Yzg3ZTk5ZTFhIiwiZW1haWwiOiJldHVkMUBnbWFpbC5jb20iLCJyb2xlIjoiZXR1ZGlhbnQiLCJleHAiOjE3NDYzNjIyMzd9.sqRxeueEXqxsXcO6kb3S_zmeE2rV7VFEPWw83cTTKO4', '2025-05-04 11:37:17'),
('58c6de24-0a2d-4013-912d-7e5713399943', 'ae64d706-ee50-4c8e-828b-f56c87e99e1a', 'eyJhbGciOiJIUzI1NiIsInR5cCI6IkpXVCJ9.eyJ1c2VyX2lkIjoiYWU2NGQ3MDYtZWU1MC00YzhlLTgyOGItZjU2Yzg3ZTk5ZTFhIiwiZW1haWwiOiJldHVkMUBnbWFpbC5jb20iLCJyb2xlIjoiZXR1ZGlhbnQiLCJleHAiOjE3NDYzNzE1Njh9.33AmWYDlYkdLq7BxIQLVouwfk4CEaJNdpUGJlb7MULI', '2025-05-04 14:12:48'),
('59f82a49-4dc5-476a-b719-df2e7fafbc09', '0b858bf5-0dbe-4650-b95f-b40770bbb3a7', 'eyJhbGciOiJIUzI1NiIsInR5cCI6IkpXVCJ9.eyJ1c2VyX2lkIjoiMGI4NThiZjUtMGRiZS00NjUwLWI5NWYtYjQwNzcwYmJiM2E3IiwiZW1haWwiOiJldHVkMkBnbWFpbC5jb20iLCJyb2xlIjoiZXR1ZGlhbnQiLCJleHAiOjE3NDY0MzUwNDR9.p4T9l0ar2J1WK5-Z3qjKhVbuSRpQJWUDS_5w3PEr_vA', '2025-05-05 07:50:44'),
('5bee1d4f-193e-4da9-a6d8-d0441f98ee15', 'ae64d706-ee50-4c8e-828b-f56c87e99e1a', 'eyJhbGciOiJIUzI1NiIsInR5cCI6IkpXVCJ9.eyJ1c2VyX2lkIjoiYWU2NGQ3MDYtZWU1MC00YzhlLTgyOGItZjU2Yzg3ZTk5ZTFhIiwiZW1haWwiOiJldHVkMUBnbWFpbC5jb20iLCJyb2xlIjoiZXR1ZGlhbnQiLCJleHAiOjE3NDYzNjEzNjd9.4ZNEW6cAv4raMUMeyTMBV3JNA94hEGbsCCn3Yx8hNkU', '2025-05-04 11:22:47'),
('5dd5cfa2-8630-4816-a898-c0afb6ea89ef', 'ae64d706-ee50-4c8e-828b-f56c87e99e1a', 'eyJhbGciOiJIUzI1NiIsInR5cCI6IkpXVCJ9.eyJ1c2VyX2lkIjoiYWU2NGQ3MDYtZWU1MC00YzhlLTgyOGItZjU2Yzg3ZTk5ZTFhIiwiZW1haWwiOiJldHVkMUBnbWFpbC5jb20iLCJyb2xlIjoiZXR1ZGlhbnQiLCJleHAiOjE3NDY1NzE4MDd9.xOWyi0mxjlPmUBsclLKyFAEKHbRsmxqYpoIQLPDfFBY', '2025-05-06 21:50:07'),
('5dd64d7a-adc1-4806-859a-9141972feeb5', 'ae64d706-ee50-4c8e-828b-f56c87e99e1a', 'eyJhbGciOiJIUzI1NiIsInR5cCI6IkpXVCJ9.eyJ1c2VyX2lkIjoiYWU2NGQ3MDYtZWU1MC00YzhlLTgyOGItZjU2Yzg3ZTk5ZTFhIiwiZW1haWwiOiJldHVkMUBnbWFpbC5jb20iLCJyb2xlIjoiZXR1ZGlhbnQiLCJleHAiOjE3NDY1NTk4Mzl9.z9OJxO0G0ArWi8Z8uXO9J5IiiENZf6F9cTHlYR0i6CM', '2025-05-06 18:30:39'),
('5f3f94aa-385f-4498-8d92-9b0e815e6ba2', 'ae64d706-ee50-4c8e-828b-f56c87e99e1a', 'eyJhbGciOiJIUzI1NiIsInR5cCI6IkpXVCJ9.eyJ1c2VyX2lkIjoiYWU2NGQ3MDYtZWU1MC00YzhlLTgyOGItZjU2Yzg3ZTk5ZTFhIiwiZW1haWwiOiJldHVkMUBnbWFpbC5jb20iLCJyb2xlIjoiZXR1ZGlhbnQiLCJleHAiOjE3NDY0NzMzNjh9.afM0AOg-CwUk-UWeLjfR82Qd2GTgqgfZSj9MiTvgTKs', '2025-05-05 18:29:28'),
('60d53490-ee52-4437-ac23-a8656df206c5', '04a8443e-48ec-40b3-8921-87e4ef50fb7e', 'eyJhbGciOiJIUzI1NiIsInR5cCI6IkpXVCJ9.eyJ1c2VyX2lkIjoiMDRhODQ0M2UtNDhlYy00MGIzLTg5MjEtODdlNGVmNTBmYjdlIiwiZW1haWwiOiJldHVkM0BnbWFpbC5jb20iLCJyb2xlIjoiZXR1ZGlhbnQiLCJleHAiOjE3NDY0NDM4MzZ9.v_K94H01IRJnkqsn3SfUFJNpz7sg6v0PodZaAnj0wo8', '2025-05-05 10:17:16'),
('611fe6f6-18c1-444c-b929-50425b8182ae', '5e1d50bf-dec1-4cfc-8229-b6d825606ef7', 'eyJhbGciOiJIUzI1NiIsInR5cCI6IkpXVCJ9.eyJ1c2VyX2lkIjoiNWUxZDUwYmYtZGVjMS00Y2ZjLTgyMjktYjZkODI1NjA2ZWY3IiwiZW1haWwiOiJiYmJAZ21haWwuY29tIiwicm9sZSI6ImFkbWluaXN0cmF0ZXVyIiwiZXhwIjoxNzQ2NjQ1MTc5fQ.JaDtOIpMYDWRzD0rZfOTdXa7Q4PwSstz9h9rN33ZXgw', '2025-05-07 18:12:59'),
('632a8b28-8600-46eb-a605-c403f3becc01', '5e1d50bf-dec1-4cfc-8229-b6d825606ef7', 'eyJhbGciOiJIUzI1NiIsInR5cCI6IkpXVCJ9.eyJ1c2VyX2lkIjoiNWUxZDUwYmYtZGVjMS00Y2ZjLTgyMjktYjZkODI1NjA2ZWY3IiwiZW1haWwiOiJiYmJAZ21haWwuY29tIiwicm9sZSI6ImV0dWRpYW50IiwiZXhwIjoxNzQ2MDkwMTIxfQ.wvVLbSf7Urrvi5gXSqZwvx3i0Tu4mwImJAOBQTbGYNI', '2025-05-01 08:02:01'),
('63670758-11db-4a48-b01b-a4c694875acc', '5e1d50bf-dec1-4cfc-8229-b6d825606ef7', 'eyJhbGciOiJIUzI1NiIsInR5cCI6IkpXVCJ9.eyJ1c2VyX2lkIjoiNWUxZDUwYmYtZGVjMS00Y2ZjLTgyMjktYjZkODI1NjA2ZWY3IiwiZW1haWwiOiJiYmJAZ21haWwuY29tIiwicm9sZSI6ImV0dWRpYW50IiwiZXhwIjoxNzQ2MDg5MDY2fQ.tKQcz2_OpYi4VAw7UpuDezg7qODwtkqkhEJqo4ZYlno', '2025-05-01 07:44:26'),
('65d5cf68-a84d-474d-ba44-5713a7ddb5fb', '5e1d50bf-dec1-4cfc-8229-b6d825606ef7', 'eyJhbGciOiJIUzI1NiIsInR5cCI6IkpXVCJ9.eyJ1c2VyX2lkIjoiNWUxZDUwYmYtZGVjMS00Y2ZjLTgyMjktYjZkODI1NjA2ZWY3IiwiZW1haWwiOiJiYmJAZ21haWwuY29tIiwicm9sZSI6ImFkbWluaXN0cmF0ZXVyIiwiZXhwIjoxNzQ2Mjg3MTQ2fQ.Q2A_T0tVi0ZmSG1A9kWpKxStg4cWDzbtr2DzfnYDixE', '2025-05-03 14:45:46'),
('66b8a327-70d3-4219-a863-2e3a9141b09a', 'e3009dc8-f832-47b7-b277-c65c008e8c59', 'eyJhbGciOiJIUzI1NiIsInR5cCI6IkpXVCJ9.eyJ1c2VyX2lkIjoiZTMwMDlkYzgtZjgzMi00N2I3LWIyNzctYzY1YzAwOGU4YzU5IiwiZW1haWwiOiJldHVkNkBnbWFpbC5jb20iLCJyb2xlIjoiZXR1ZGlhbnQiLCJleHAiOjE3NDY0NTA0MzN9.4z2MUvIVlSl3r0EdEeDZf5tVm2G3Uk8RRRMRLJYobFM', '2025-05-05 12:07:13'),
('67a56b5d-1a0c-4fd1-b913-d76e6d83cd74', '37907743-0ce8-4da3-9fcd-7944f4d6cfd8', 'eyJhbGciOiJIUzI1NiIsInR5cCI6IkpXVCJ9.eyJ1c2VyX2lkIjoiMzc5MDc3NDMtMGNlOC00ZGEzLTlmY2QtNzk0NGY0ZDZjZmQ4IiwiZW1haWwiOiJwcm9mNkBnbWFpbC5jb20iLCJyb2xlIjoiZW5zZWlnbmFudCIsImV4cCI6MTc0NjYwMzE3OH0.yf3lgu9eJ7BFwpfRZSZvv6iximWbLls4Lv44JZSMA74', '2025-05-07 06:32:58'),
('67fd4a93-fde7-416b-9a00-576f045ebcd1', '37907743-0ce8-4da3-9fcd-7944f4d6cfd8', 'eyJhbGciOiJIUzI1NiIsInR5cCI6IkpXVCJ9.eyJ1c2VyX2lkIjoiMzc5MDc3NDMtMGNlOC00ZGEzLTlmY2QtNzk0NGY0ZDZjZmQ4IiwiZW1haWwiOiJwcm9mNkBnbWFpbC5jb20iLCJyb2xlIjoiZW5zZWlnbmFudCIsImV4cCI6MTc0NjQ1NzcwN30.kcfNH_6B83gQn9usJYDoAEgnZuiuxj0dEojAMptBJFQ', '2025-05-05 14:08:27'),
('6804e6cf-6715-4b46-ad43-c049bcea4cba', '98813281-e220-4da9-b114-580d3fad57ff', 'eyJhbGciOiJIUzI1NiIsInR5cCI6IkpXVCJ9.eyJ1c2VyX2lkIjoiOTg4MTMyODEtZTIyMC00ZGE5LWIxMTQtNTgwZDNmYWQ1N2ZmIiwiZW1haWwiOiJldHVkNUBnbWFpbC5jb20iLCJyb2xlIjoiZXR1ZGlhbnQiLCJleHAiOjE3NDYzNjU3MzR9.ZUMX1AUTen57PUwf2qiV-kGNLrPhKOAnPWj4j1_zejE', '2025-05-04 12:35:34'),
('694a0ede-380d-4c30-a409-737f5b572589', '0b858bf5-0dbe-4650-b95f-b40770bbb3a7', 'eyJhbGciOiJIUzI1NiIsInR5cCI6IkpXVCJ9.eyJ1c2VyX2lkIjoiMGI4NThiZjUtMGRiZS00NjUwLWI5NWYtYjQwNzcwYmJiM2E3IiwiZW1haWwiOiJldHVkMkBnbWFpbC5jb20iLCJyb2xlIjoiZXR1ZGlhbnQiLCJleHAiOjE3NDY0NDgwMzl9.wDWY9hV0qGroXKvrpLbyNxy2DpqUh4wi8PJM9-8JbsI', '2025-05-05 11:27:19'),
('6a3e7664-4272-446d-9f96-38f2a7b81994', '37907743-0ce8-4da3-9fcd-7944f4d6cfd8', 'eyJhbGciOiJIUzI1NiIsInR5cCI6IkpXVCJ9.eyJ1c2VyX2lkIjoiMzc5MDc3NDMtMGNlOC00ZGEzLTlmY2QtNzk0NGY0ZDZjZmQ4IiwiZW1haWwiOiJwcm9mNkBnbWFpbC5jb20iLCJyb2xlIjoiZW5zZWlnbmFudCIsImV4cCI6MTc0NjQ1ODUwNn0.-A2XNKgXJG2Al-voYZMZQIpcIexVOV0IcEPqtFTBjX8', '2025-05-05 14:21:46'),
('6ad33298-3aa2-4665-9751-3064cd8845c2', '908988bc-fb01-47a6-a723-cad52dd0873d', 'eyJhbGciOiJIUzI1NiIsInR5cCI6IkpXVCJ9.eyJ1c2VyX2lkIjoiOTA4OTg4YmMtZmIwMS00N2E2LWE3MjMtY2FkNTJkZDA4NzNkIiwiZW1haWwiOiJnZ2dAZ21haWwuY29tIiwicm9sZSI6ImVuc2VpZ25hbnQiLCJleHAiOjE3NDYwOTA0NDV9.CkYKbwkZOeFhgCye6gaBo7nj3xfzFPuiV98xFjI3y2s', '2025-05-01 08:07:25'),
('6ad98f32-5715-460f-ae6f-6e1b34334eeb', '908988bc-fb01-47a6-a723-cad52dd0873d', 'eyJhbGciOiJIUzI1NiIsInR5cCI6IkpXVCJ9.eyJ1c2VyX2lkIjoiOTA4OTg4YmMtZmIwMS00N2E2LWE3MjMtY2FkNTJkZDA4NzNkIiwiZW1haWwiOiJnZ2dAZ21haWwuY29tIiwicm9sZSI6ImVuc2VpZ25hbnQiLCJleHAiOjE3NDYyMjczMDV9.dKXlPVAwMMiZcfBrJy0D139TwLm4EsQvP_DaHwM2RRw', '2025-05-02 22:08:25'),
('6b22f356-89d3-42a9-89bb-1c19d9017d0a', '5e1d50bf-dec1-4cfc-8229-b6d825606ef7', 'eyJhbGciOiJIUzI1NiIsInR5cCI6IkpXVCJ9.eyJ1c2VyX2lkIjoiNWUxZDUwYmYtZGVjMS00Y2ZjLTgyMjktYjZkODI1NjA2ZWY3IiwiZW1haWwiOiJiYmJAZ21haWwuY29tIiwicm9sZSI6ImFkbWluaXN0cmF0ZXVyIiwiZXhwIjoxNzQ2MzcxNTgxfQ.vie3uDl92gnwoNN9qqe2-d__awgRaBexGgvQQb-Szi0', '2025-05-04 14:13:01'),
('6f23d792-6145-4673-877a-82c680aceb9b', '60937559-3c61-48ba-939c-bcc6d2e21e7c', 'eyJhbGciOiJIUzI1NiIsInR5cCI6IkpXVCJ9.eyJ1c2VyX2lkIjoiNjA5Mzc1NTktM2M2MS00OGJhLTkzOWMtYmNjNmQyZTIxZTdjIiwiZW1haWwiOiJwcm9mNEBnbWFpbC5jb20iLCJyb2xlIjoiZW5zZWlnbmFudCIsImV4cCI6MTc0NjM2NTIxNn0.trsi1Z-OmG97sTmpxLx5kZjI9m-PnZVsB6ImUkd6fwM', '2025-05-04 12:26:56'),
('6f285709-b36e-479c-9534-c999fa9ccc16', '37907743-0ce8-4da3-9fcd-7944f4d6cfd8', 'eyJhbGciOiJIUzI1NiIsInR5cCI6IkpXVCJ9.eyJ1c2VyX2lkIjoiMzc5MDc3NDMtMGNlOC00ZGEzLTlmY2QtNzk0NGY0ZDZjZmQ4IiwiZW1haWwiOiJwcm9mNkBnbWFpbC5jb20iLCJyb2xlIjoiZW5zZWlnbmFudCIsImV4cCI6MTc0NjQ0ODk4NX0.bha79AQvc2ckpZWGF_zFlnEjI4spkKs0TKozdQzD7jQ', '2025-05-05 11:43:05'),
('6f629e6b-9e89-436b-8203-09b280593f57', 'a8c7c2de-7437-4cd9-a41d-c046d0345b27', 'eyJhbGciOiJIUzI1NiIsInR5cCI6IkpXVCJ9.eyJ1c2VyX2lkIjoiYThjN2MyZGUtNzQzNy00Y2Q5LWE0MWQtYzA0NmQwMzQ1YjI3IiwiZW1haWwiOiJwcm9mMkBnbWFpbC5jb20iLCJyb2xlIjoiZW5zZWlnbmFudCIsImV4cCI6MTc0NjM2MDMxNn0.4mmWqNl2ILhahXLWCt97hkJ8renBUs2_7Cf1HVjkhkc', '2025-05-04 11:05:16'),
('70333e86-061d-48a6-ac20-edd398bc63a4', 'ae64d706-ee50-4c8e-828b-f56c87e99e1a', 'eyJhbGciOiJIUzI1NiIsInR5cCI6IkpXVCJ9.eyJ1c2VyX2lkIjoiYWU2NGQ3MDYtZWU1MC00YzhlLTgyOGItZjU2Yzg3ZTk5ZTFhIiwiZW1haWwiOiJldHVkMUBnbWFpbC5jb20iLCJyb2xlIjoiZXR1ZGlhbnQiLCJleHAiOjE3NDY0NjQ5NjB9.GbrRrP6AMifByq9WnVq8X49tHHC0KPDSy9LqrB-HhPw', '2025-05-05 16:09:20'),
('709d70b9-ed5a-4056-a71e-98881486d4fc', 'a8c7c2de-7437-4cd9-a41d-c046d0345b27', 'eyJhbGciOiJIUzI1NiIsInR5cCI6IkpXVCJ9.eyJ1c2VyX2lkIjoiYThjN2MyZGUtNzQzNy00Y2Q5LWE0MWQtYzA0NmQwMzQ1YjI3IiwiZW1haWwiOiJwcm9mMkBnbWFpbC5jb20iLCJyb2xlIjoiZW5zZWlnbmFudCIsImV4cCI6MTc0NjM2MTIwMn0.BcFn2TRXwfULWfDSAAt1QtsQQE6khnKms-dNE2QHZ3Q', '2025-05-04 11:20:02'),
('70c805a8-a852-4165-bc66-257c048f754e', '3f22c4b9-7810-49d4-87d6-896dd8ffda81', 'eyJhbGciOiJIUzI1NiIsInR5cCI6IkpXVCJ9.eyJ1c2VyX2lkIjoiM2YyMmM0YjktNzgxMC00OWQ0LTg3ZDYtODk2ZGQ4ZmZkYTgxIiwiZW1haWwiOiJUVFRAZ21haWwuY29tIiwicm9sZSI6ImV0dWRpYW50IiwiZXhwIjoxNzQ2MzE0NDE1fQ.j07h7EcTzWYES2CKwYSadNA_8uIZTR_5BdQ1jA00r2o', '2025-05-03 22:20:15'),
('70cf5274-ee3b-43a6-b493-42c585b99a65', '5e1d50bf-dec1-4cfc-8229-b6d825606ef7', 'eyJhbGciOiJIUzI1NiIsInR5cCI6IkpXVCJ9.eyJ1c2VyX2lkIjoiNWUxZDUwYmYtZGVjMS00Y2ZjLTgyMjktYjZkODI1NjA2ZWY3IiwiZW1haWwiOiJiYmJAZ21haWwuY29tIiwicm9sZSI6ImFkbWluaXN0cmF0ZXVyIiwiZXhwIjoxNzQ2NTI5OTE0fQ.UwW4kFJC_jSv94s9wBQTg7fDUW3oEOEswL-O_EGaLsk', '2025-05-06 10:11:54'),
('70dd221b-5e25-4979-8c7d-dcbc3ef2bd08', '908988bc-fb01-47a6-a723-cad52dd0873d', 'eyJhbGciOiJIUzI1NiIsInR5cCI6IkpXVCJ9.eyJ1c2VyX2lkIjoiOTA4OTg4YmMtZmIwMS00N2E2LWE3MjMtY2FkNTJkZDA4NzNkIiwiZW1haWwiOiJnZ2dAZ21haWwuY29tIiwicm9sZSI6ImVuc2VpZ25hbnQiLCJleHAiOjE3NDYyMTI3NDF9.47Esn8t-aO1bONCskV46eV8eXsPNSL0-QZpA3lG7mlU', '2025-05-02 18:05:41'),
('7100e7b3-95b2-4a84-9a02-222470840069', 'ae64d706-ee50-4c8e-828b-f56c87e99e1a', 'eyJhbGciOiJIUzI1NiIsInR5cCI6IkpXVCJ9.eyJ1c2VyX2lkIjoiYWU2NGQ3MDYtZWU1MC00YzhlLTgyOGItZjU2Yzg3ZTk5ZTFhIiwiZW1haWwiOiJldHVkMUBnbWFpbC5jb20iLCJyb2xlIjoiZXR1ZGlhbnQiLCJleHAiOjE3NDYzNjY1MjN9.0nxp4q7xH0eDzvlI1GCfym-nKiYQZz8Pm1Z3BDj8Yvg', '2025-05-04 12:48:43'),
('723680ef-ae13-4b0a-8bd3-de768fc1a495', '5e1d50bf-dec1-4cfc-8229-b6d825606ef7', 'eyJhbGciOiJIUzI1NiIsInR5cCI6IkpXVCJ9.eyJ1c2VyX2lkIjoiNWUxZDUwYmYtZGVjMS00Y2ZjLTgyMjktYjZkODI1NjA2ZWY3IiwiZW1haWwiOiJiYmJAZ21haWwuY29tIiwicm9sZSI6ImFkbWluaXN0cmF0ZXVyIiwiZXhwIjoxNzQ2MjEzMDk5fQ.9GbtddlyDkod5nwyYL4eJ3tlU6nVH_5eEYar_iqqwBg', '2025-05-02 18:11:39'),
('728a354e-de6e-4575-a34a-f2a821c4805b', 'ae64d706-ee50-4c8e-828b-f56c87e99e1a', 'eyJhbGciOiJIUzI1NiIsInR5cCI6IkpXVCJ9.eyJ1c2VyX2lkIjoiYWU2NGQ3MDYtZWU1MC00YzhlLTgyOGItZjU2Yzg3ZTk5ZTFhIiwiZW1haWwiOiJldHVkMUBnbWFpbC5jb20iLCJyb2xlIjoiZXR1ZGlhbnQiLCJleHAiOjE3NDY0NDU5NjR9.ozeQSFD2QFEJk3_TFrwpaoKCPK02A0jaVYpV7R_E14o', '2025-05-05 10:52:44'),
('73f7496c-b06b-41fa-8416-5b5aa90fd94c', 'ae64d706-ee50-4c8e-828b-f56c87e99e1a', 'eyJhbGciOiJIUzI1NiIsInR5cCI6IkpXVCJ9.eyJ1c2VyX2lkIjoiYWU2NGQ3MDYtZWU1MC00YzhlLTgyOGItZjU2Yzg3ZTk5ZTFhIiwiZW1haWwiOiJldHVkMUBnbWFpbC5jb20iLCJyb2xlIjoiZXR1ZGlhbnQiLCJleHAiOjE3NDY0NTAwNDV9.DCf0feibUQJaHd-WtznXgeG2GJmx3YLDP-jrDCgK1qs', '2025-05-05 12:00:45'),
('7458d5cf-4755-435f-ac0d-34c23e4f1daa', '9383ca00-aa17-4e69-a92d-850d55b4d715', 'eyJhbGciOiJIUzI1NiIsInR5cCI6IkpXVCJ9.eyJ1c2VyX2lkIjoiOTM4M2NhMDAtYWExNy00ZTY5LWE5MmQtODUwZDU1YjRkNzE1IiwiZW1haWwiOiJldHVkNEBnbWFpbC5jb20iLCJyb2xlIjoiZXR1ZGlhbnQiLCJleHAiOjE3NDY0MzYyMzd9.EJ2G5HMMwl4m7ZDVoSOBIQZ97uwCwADZT9osI0hPMZ4', '2025-05-05 08:10:37'),
('751163ae-ef0b-4a9b-8119-55f55fb0e5b5', '7d3d29c3-d66a-4d96-a4a6-86b2e1bc5895', 'eyJhbGciOiJIUzI1NiIsInR5cCI6IkpXVCJ9.eyJ1c2VyX2lkIjoiN2QzZDI5YzMtZDY2YS00ZDk2LWE0YTYtODZiMmUxYmM1ODk1IiwiZW1haWwiOiJoaGhAZ21haWwuY29tIiwicm9sZSI6ImV0dWRpYW50IiwiZXhwIjoxNzQ2MTA1ODQwfQ.OYQ3zNcC3iE0ubEIsiwBLJh09fTNrRPNs7uKU92Hl4A', '2025-05-01 12:24:00'),
('7638d4e0-3c05-4146-ae79-d0667ceea977', '37907743-0ce8-4da3-9fcd-7944f4d6cfd8', 'eyJhbGciOiJIUzI1NiIsInR5cCI6IkpXVCJ9.eyJ1c2VyX2lkIjoiMzc5MDc3NDMtMGNlOC00ZGEzLTlmY2QtNzk0NGY0ZDZjZmQ4IiwiZW1haWwiOiJwcm9mNkBnbWFpbC5jb20iLCJyb2xlIjoiZW5zZWlnbmFudCIsImV4cCI6MTc0NjUyNjM2NH0.hWqQPNm9GfuRLlEXJOlF5FKSw7f3Y3ZyEXLcYjKXVCo', '2025-05-06 09:12:44'),
('7818de88-5615-4594-852d-fd2f6c75ed76', '5e1d50bf-dec1-4cfc-8229-b6d825606ef7', 'eyJhbGciOiJIUzI1NiIsInR5cCI6IkpXVCJ9.eyJ1c2VyX2lkIjoiNWUxZDUwYmYtZGVjMS00Y2ZjLTgyMjktYjZkODI1NjA2ZWY3IiwiZW1haWwiOiJiYmJAZ21haWwuY29tIiwicm9sZSI6ImFkbWluaXN0cmF0ZXVyIiwiZXhwIjoxNzQ2NTQzMzA2fQ.kLikDYdag5xku9HSyFTc_i_WskgqZn_XUney4e7asRI', '2025-05-06 13:55:06'),
('793ec1a4-0513-426c-921d-e502e3213112', '04a8443e-48ec-40b3-8921-87e4ef50fb7e', 'eyJhbGciOiJIUzI1NiIsInR5cCI6IkpXVCJ9.eyJ1c2VyX2lkIjoiMDRhODQ0M2UtNDhlYy00MGIzLTg5MjEtODdlNGVmNTBmYjdlIiwiZW1haWwiOiJldHVkM0BnbWFpbC5jb20iLCJyb2xlIjoiZXR1ZGlhbnQiLCJleHAiOjE3NDYzNjA1Njh9.zbu3VBoiFtZ6XIaYVAq3BQfoEG7Eo6YzcNEUFEp7Kis', '2025-05-04 11:09:28'),
('79cb6c88-f180-485c-8083-7dca0cf6e8de', '88c8c788-5e75-4eb6-8476-dde40a264b00', 'eyJhbGciOiJIUzI1NiIsInR5cCI6IkpXVCJ9.eyJ1c2VyX2lkIjoiODhjOGM3ODgtNWU3NS00ZWI2LTg0NzYtZGRlNDBhMjY0YjAwIiwiZW1haWwiOiJjY2NAZ21haWwuY29tIiwicm9sZSI6ImVuc2VpZ25hbnQiLCJleHAiOjE3NDYyMTMxMTR9.dLPYMbIxEr9n8zEvXACZalZXCuo1YjN_2shIAR7iGQ8', '2025-05-02 18:11:54'),
('7a24713f-b8e9-4b68-b77a-4aa669bca315', '0b858bf5-0dbe-4650-b95f-b40770bbb3a7', 'eyJhbGciOiJIUzI1NiIsInR5cCI6IkpXVCJ9.eyJ1c2VyX2lkIjoiMGI4NThiZjUtMGRiZS00NjUwLWI5NWYtYjQwNzcwYmJiM2E3IiwiZW1haWwiOiJldHVkMkBnbWFpbC5jb20iLCJyb2xlIjoiZXR1ZGlhbnQiLCJleHAiOjE3NDY0NDE3ODJ9.EVRJoC4r4SO_gZ-F-rIVV7SM9RQnPaCkUeIgwQ4IlhY', '2025-05-05 09:43:02'),
('7b81e82e-6947-46fb-80bb-77e974f80f74', 'ae64d706-ee50-4c8e-828b-f56c87e99e1a', 'eyJhbGciOiJIUzI1NiIsInR5cCI6IkpXVCJ9.eyJ1c2VyX2lkIjoiYWU2NGQ3MDYtZWU1MC00YzhlLTgyOGItZjU2Yzg3ZTk5ZTFhIiwiZW1haWwiOiJldHVkMUBnbWFpbC5jb20iLCJyb2xlIjoiZXR1ZGlhbnQiLCJleHAiOjE3NDY0NDMzODZ9.6Xc8FBVaXu7qHOnDAAuaQdCc3ZmIG_3XxHqUONwYfBk', '2025-05-05 10:09:46'),
('7c1a5ad6-7b9b-45d5-bab2-b87a66279361', 'ae64d706-ee50-4c8e-828b-f56c87e99e1a', 'eyJhbGciOiJIUzI1NiIsInR5cCI6IkpXVCJ9.eyJ1c2VyX2lkIjoiYWU2NGQ3MDYtZWU1MC00YzhlLTgyOGItZjU2Yzg3ZTk5ZTFhIiwiZW1haWwiOiJldHVkMUBnbWFpbC5jb20iLCJyb2xlIjoiZXR1ZGlhbnQiLCJleHAiOjE3NDYzNTY4Mzd9.F2Roj5ceA9iymhNBPhNVCMQlEWUO2G632Feif4DwfUI', '2025-05-04 10:07:17'),
('7d2033bb-cbaf-4189-a8c2-ab83766657e6', 'ae64d706-ee50-4c8e-828b-f56c87e99e1a', 'eyJhbGciOiJIUzI1NiIsInR5cCI6IkpXVCJ9.eyJ1c2VyX2lkIjoiYWU2NGQ3MDYtZWU1MC00YzhlLTgyOGItZjU2Yzg3ZTk5ZTFhIiwiZW1haWwiOiJldHVkMUBnbWFpbC5jb20iLCJyb2xlIjoiZXR1ZGlhbnQiLCJleHAiOjE3NDYzNTg3MDV9.mNJ1cJlYrV3Tt_X-d9M3sTaZ-tlR3DvmVj1HyL0XNGw', '2025-05-04 10:38:25'),
('7d88d260-1159-461f-976a-a268efaff5be', 'ae64d706-ee50-4c8e-828b-f56c87e99e1a', 'eyJhbGciOiJIUzI1NiIsInR5cCI6IkpXVCJ9.eyJ1c2VyX2lkIjoiYWU2NGQ3MDYtZWU1MC00YzhlLTgyOGItZjU2Yzg3ZTk5ZTFhIiwiZW1haWwiOiJldHVkMUBnbWFpbC5jb20iLCJyb2xlIjoiZXR1ZGlhbnQiLCJleHAiOjE3NDYzNjAyMDd9.CK0p6W1Afn_hLk4kj5ECUq1Co1Ibq6e5Xn2f7FqYxII', '2025-05-04 11:03:27'),
('80b2e43c-3dbd-401f-9e4a-f6f2058cd9c9', '908988bc-fb01-47a6-a723-cad52dd0873d', 'eyJhbGciOiJIUzI1NiIsInR5cCI6IkpXVCJ9.eyJ1c2VyX2lkIjoiOTA4OTg4YmMtZmIwMS00N2E2LWE3MjMtY2FkNTJkZDA4NzNkIiwiZW1haWwiOiJnZ2dAZ21haWwuY29tIiwicm9sZSI6ImVuc2VpZ25hbnQiLCJleHAiOjE3NDYyMDAxNzh9.c3mDlGSueKjrvQ5KOmcElLXyZXGhWznf-dPDGlZdYrk', '2025-05-02 14:36:18'),
('8157c444-8908-494a-9f32-4e8720fe5004', '6b0f472f-5f6c-400b-acb5-aeac4a24862a', 'eyJhbGciOiJIUzI1NiIsInR5cCI6IkpXVCJ9.eyJ1c2VyX2lkIjoiNmIwZjQ3MmYtNWY2Yy00MDBiLWFjYjUtYWVhYzRhMjQ4NjJhIiwiZW1haWwiOiJwcm9mMUBnbWFpbC5jb20iLCJyb2xlIjoiZW5zZWlnbmFudCIsImV4cCI6MTc0NjM2MDEzM30.5E0MaS6w9TrfgBOXWNRDpmRxLwzndmYf9A3V2HTY6eM', '2025-05-04 11:02:13'),
('81a979a6-bf45-4334-8300-96b5456887c4', 'e3009dc8-f832-47b7-b277-c65c008e8c59', 'eyJhbGciOiJIUzI1NiIsInR5cCI6IkpXVCJ9.eyJ1c2VyX2lkIjoiZTMwMDlkYzgtZjgzMi00N2I3LWIyNzctYzY1YzAwOGU4YzU5IiwiZW1haWwiOiJldHVkNkBnbWFpbC5jb20iLCJyb2xlIjoiZXR1ZGlhbnQiLCJleHAiOjE3NDY0NDgwODd9.mzOcW9dsZxH6-2jvibtHRdj-ePkuBMBLHUOGEIehWpE', '2025-05-05 11:28:07'),
('82a03818-81d4-4746-ba91-bc5d070cdb5a', 'e3009dc8-f832-47b7-b277-c65c008e8c59', 'eyJhbGciOiJIUzI1NiIsInR5cCI6IkpXVCJ9.eyJ1c2VyX2lkIjoiZTMwMDlkYzgtZjgzMi00N2I3LWIyNzctYzY1YzAwOGU4YzU5IiwiZW1haWwiOiJldHVkNkBnbWFpbC5jb20iLCJyb2xlIjoiZXR1ZGlhbnQiLCJleHAiOjE3NDY0NTc3NjF9.fymddJNoeUPAVnuLHIuxq8I6SaPhTx5lNf6aiCxX1tk', '2025-05-05 14:09:21'),
('82f22137-eebd-4d11-8014-f32a110acaae', '37907743-0ce8-4da3-9fcd-7944f4d6cfd8', 'eyJhbGciOiJIUzI1NiIsInR5cCI6IkpXVCJ9.eyJ1c2VyX2lkIjoiMzc5MDc3NDMtMGNlOC00ZGEzLTlmY2QtNzk0NGY0ZDZjZmQ4IiwiZW1haWwiOiJwcm9mNkBnbWFpbC5jb20iLCJyb2xlIjoiZW5zZWlnbmFudCIsImV4cCI6MTc0NjQ0OTc1Nn0.AMlJGMOSwVUKCReYxblaXUB3i7DEJcwTLID36FEw8yA', '2025-05-05 11:55:56'),
('83269afc-6f9f-431e-9561-d6286d36d168', 'e3009dc8-f832-47b7-b277-c65c008e8c59', 'eyJhbGciOiJIUzI1NiIsInR5cCI6IkpXVCJ9.eyJ1c2VyX2lkIjoiZTMwMDlkYzgtZjgzMi00N2I3LWIyNzctYzY1YzAwOGU4YzU5IiwiZW1haWwiOiJldHVkNkBnbWFpbC5jb20iLCJyb2xlIjoiZXR1ZGlhbnQiLCJleHAiOjE3NDY1NDM0NzB9.LRmQrC_kpRvSDK-tZJDKlNZsi02BHc9Ph0L_uKezJe4', '2025-05-06 13:57:50'),
('8417a5da-f7e1-4869-aa95-08c808720d89', '6b0f472f-5f6c-400b-acb5-aeac4a24862a', 'eyJhbGciOiJIUzI1NiIsInR5cCI6IkpXVCJ9.eyJ1c2VyX2lkIjoiNmIwZjQ3MmYtNWY2Yy00MDBiLWFjYjUtYWVhYzRhMjQ4NjJhIiwiZW1haWwiOiJwcm9mMUBnbWFpbC5jb20iLCJyb2xlIjoiZW5zZWlnbmFudCIsImV4cCI6MTc0NjM2MjU4MX0.jBsfxaBKnCw9O-jf6qExnd-qJHPUokywxOdS912fAM0', '2025-05-04 11:43:01'),
('846466f4-fba3-48c6-9db8-26834fda4f21', 'e3009dc8-f832-47b7-b277-c65c008e8c59', 'eyJhbGciOiJIUzI1NiIsInR5cCI6IkpXVCJ9.eyJ1c2VyX2lkIjoiZTMwMDlkYzgtZjgzMi00N2I3LWIyNzctYzY1YzAwOGU4YzU5IiwiZW1haWwiOiJldHVkNkBnbWFpbC5jb20iLCJyb2xlIjoiZXR1ZGlhbnQiLCJleHAiOjE3NDY0NTg2MDl9.xzqCO0lMFR8mih7hXg3egUTMT2A6ws9inTrTcmB_FLA', '2025-05-05 14:23:29'),
('8527498c-6835-471e-889f-576e249b5d9a', '986dddfb-601e-4d9e-ad87-f6982fd71dd3', 'eyJhbGciOiJIUzI1NiIsInR5cCI6IkpXVCJ9.eyJ1c2VyX2lkIjoiOTg2ZGRkZmItNjAxZS00ZDllLWFkODctZjY5ODJmZDcxZGQzIiwiZW1haWwiOiJwcm9mQGdtYWlsLmNvbSIsInJvbGUiOiJlbnNlaWduYW50IiwiZXhwIjoxNzQ2NDA1MDk5fQ.VlgCR2JjNW5aYYCfqUENp9LvJKvDU-ujZwDCAFcXy1Y', '2025-05-04 23:31:39'),
('859bbe46-9411-4672-8caf-ecb839f83b75', '0b858bf5-0dbe-4650-b95f-b40770bbb3a7', 'eyJhbGciOiJIUzI1NiIsInR5cCI6IkpXVCJ9.eyJ1c2VyX2lkIjoiMGI4NThiZjUtMGRiZS00NjUwLWI5NWYtYjQwNzcwYmJiM2E3IiwiZW1haWwiOiJldHVkMkBnbWFpbC5jb20iLCJyb2xlIjoiZXR1ZGlhbnQiLCJleHAiOjE3NDY0MzY5MjN9.QsOJgeDfdJ9tLZSw5LICsXSnAK0Rp3n08m9E63WoH2E', '2025-05-05 08:22:03'),
('87b2a16e-f854-47da-b17e-b374d09b2661', '6b0f472f-5f6c-400b-acb5-aeac4a24862a', 'eyJhbGciOiJIUzI1NiIsInR5cCI6IkpXVCJ9.eyJ1c2VyX2lkIjoiNmIwZjQ3MmYtNWY2Yy00MDBiLWFjYjUtYWVhYzRhMjQ4NjJhIiwiZW1haWwiOiJwcm9mMUBnbWFpbC5jb20iLCJyb2xlIjoiZW5zZWlnbmFudCIsImV4cCI6MTc0NjM5MDUyMn0.6GfYU-CB3mUMLaRbaW5zyH6OytH1Sa1PmYm4MwyJoVo', '2025-05-04 19:28:42'),
('88210e8b-fdfb-4b62-9008-4d879ffb3909', 'a8c7c2de-7437-4cd9-a41d-c046d0345b27', 'eyJhbGciOiJIUzI1NiIsInR5cCI6IkpXVCJ9.eyJ1c2VyX2lkIjoiYThjN2MyZGUtNzQzNy00Y2Q5LWE0MWQtYzA0NmQwMzQ1YjI3IiwiZW1haWwiOiJwcm9mMkBnbWFpbC5jb20iLCJyb2xlIjoiZW5zZWlnbmFudCIsImV4cCI6MTc0NjU3MTc1MH0.4BnYifOYZT1fJg5CAXhqK7sD7ATZdzuh7Yz3Wsr6V1s', '2025-05-06 21:49:10');
INSERT INTO `authentification` (`id`, `utilisateur_id`, `token`, `expiration`) VALUES
('8b0daa2a-5ec1-4a8b-906b-be1f3e2f3d43', '5e1d50bf-dec1-4cfc-8229-b6d825606ef7', 'eyJhbGciOiJIUzI1NiIsInR5cCI6IkpXVCJ9.eyJ1c2VyX2lkIjoiNWUxZDUwYmYtZGVjMS00Y2ZjLTgyMjktYjZkODI1NjA2ZWY3IiwiZW1haWwiOiJiYmJAZ21haWwuY29tIiwicm9sZSI6ImV0dWRpYW50IiwiZXhwIjoxNzQ2MDg5MjMyfQ.Erfq5i2GdTgX2NsT5429f2W-lOfsGTop3E91PUIOwFI', '2025-05-01 07:47:12'),
('8c2c5f77-d9d7-4f23-b681-a5f63fab1d89', '04a8443e-48ec-40b3-8921-87e4ef50fb7e', 'eyJhbGciOiJIUzI1NiIsInR5cCI6IkpXVCJ9.eyJ1c2VyX2lkIjoiMDRhODQ0M2UtNDhlYy00MGIzLTg5MjEtODdlNGVmNTBmYjdlIiwiZW1haWwiOiJldHVkM0BnbWFpbC5jb20iLCJyb2xlIjoiZXR1ZGlhbnQiLCJleHAiOjE3NDY1ODAzODV9.fUTPYFrRAmchOZ-8NS9oBwxjtjylkd7CFNUNpI3PFYo', '2025-05-07 00:13:05'),
('8c2f95f9-d7d5-416e-a656-66f018525f98', '33641622-1898-4509-99d0-02a062a2079c', 'eyJhbGciOiJIUzI1NiIsInR5cCI6IkpXVCJ9.eyJ1c2VyX2lkIjoiMzM2NDE2MjItMTg5OC00NTA5LTk5ZDAtMDJhMDYyYTIwNzljIiwiZW1haWwiOiJwcHBwQGdtYWlsLmNvbSIsInJvbGUiOiJlbnNlaWduYW50IiwiZXhwIjoxNzQ2MTg2OTI5fQ.5fME7DLJbRuYBk8eDB2Ypz0RDhhV6E7K-AOB6QtYMb8', '2025-05-02 10:55:29'),
('8cec22df-a180-4bcc-b1f9-7a1e05f35d33', 'ae64d706-ee50-4c8e-828b-f56c87e99e1a', 'eyJhbGciOiJIUzI1NiIsInR5cCI6IkpXVCJ9.eyJ1c2VyX2lkIjoiYWU2NGQ3MDYtZWU1MC00YzhlLTgyOGItZjU2Yzg3ZTk5ZTFhIiwiZW1haWwiOiJldHVkMUBnbWFpbC5jb20iLCJyb2xlIjoiZXR1ZGlhbnQiLCJleHAiOjE3NDYzNjIyMDd9.fBqiVd2JYmeHCIAaSFrTZ7A4DkDLNV9YMR1awGK7Z9I', '2025-05-04 11:36:47'),
('8de7c3d5-b5b0-4736-abdc-834d93835eb2', 'ae64d706-ee50-4c8e-828b-f56c87e99e1a', 'eyJhbGciOiJIUzI1NiIsInR5cCI6IkpXVCJ9.eyJ1c2VyX2lkIjoiYWU2NGQ3MDYtZWU1MC00YzhlLTgyOGItZjU2Yzg3ZTk5ZTFhIiwiZW1haWwiOiJldHVkMUBnbWFpbC5jb20iLCJyb2xlIjoiZXR1ZGlhbnQiLCJleHAiOjE3NDYzNjE0MzJ9.ELCsG4G_V-aRXzBDQ5sgY1LdFkNTuTXBMRWXnecPVLg', '2025-05-04 11:23:52'),
('8e7cef35-faba-473e-941e-5875a5d1c0d7', '33641622-1898-4509-99d0-02a062a2079c', 'eyJhbGciOiJIUzI1NiIsInR5cCI6IkpXVCJ9.eyJ1c2VyX2lkIjoiMzM2NDE2MjItMTg5OC00NTA5LTk5ZDAtMDJhMDYyYTIwNzljIiwiZW1haWwiOiJwcHBwQGdtYWlsLmNvbSIsInJvbGUiOiJlbnNlaWduYW50IiwiZXhwIjoxNzQ2MjI3NDY5fQ.BPdszH0CqnjiB7TwDp2BMv3-PBusm0t26hcEcmVc2XE', '2025-05-02 22:11:09'),
('8f193317-ea4a-40ce-9235-3292a3e21fd9', 'ae64d706-ee50-4c8e-828b-f56c87e99e1a', 'eyJhbGciOiJIUzI1NiIsInR5cCI6IkpXVCJ9.eyJ1c2VyX2lkIjoiYWU2NGQ3MDYtZWU1MC00YzhlLTgyOGItZjU2Yzg3ZTk5ZTFhIiwiZW1haWwiOiJldHVkMUBnbWFpbC5jb20iLCJyb2xlIjoiZXR1ZGlhbnQiLCJleHAiOjE3NDY1Nzc2ODN9.0MzjBh6rH_lLsG2AiPKPEMdLShas58SfeYt-cR15oH0', '2025-05-06 23:28:03'),
('8f59bf98-5076-4eff-9540-f08874d495ed', '7d3d29c3-d66a-4d96-a4a6-86b2e1bc5895', 'eyJhbGciOiJIUzI1NiIsInR5cCI6IkpXVCJ9.eyJ1c2VyX2lkIjoiN2QzZDI5YzMtZDY2YS00ZDk2LWE0YTYtODZiMmUxYmM1ODk1IiwiZW1haWwiOiJoaGhAZ21haWwuY29tIiwicm9sZSI6ImV0dWRpYW50IiwiZXhwIjoxNzQ2MzE0NTAzfQ.xv-l8lE7ubPmRT0V8BUrD_6Bz4DI9DgbBLwOiqjGmO8', '2025-05-03 22:21:43'),
('8fbdc995-f195-40be-bfff-792c700007d7', 'e3009dc8-f832-47b7-b277-c65c008e8c59', 'eyJhbGciOiJIUzI1NiIsInR5cCI6IkpXVCJ9.eyJ1c2VyX2lkIjoiZTMwMDlkYzgtZjgzMi00N2I3LWIyNzctYzY1YzAwOGU4YzU5IiwiZW1haWwiOiJldHVkNkBnbWFpbC5jb20iLCJyb2xlIjoiZXR1ZGlhbnQiLCJleHAiOjE3NDY1MjcxOTB9.iBKOIHr7GBwo05h0wE_HEQuFbIr06lYCAlkum30NNII', '2025-05-06 09:26:30'),
('9041554a-f251-4e64-9abe-9c93821bd4d5', '986dddfb-601e-4d9e-ad87-f6982fd71dd3', 'eyJhbGciOiJIUzI1NiIsInR5cCI6IkpXVCJ9.eyJ1c2VyX2lkIjoiOTg2ZGRkZmItNjAxZS00ZDllLWFkODctZjY5ODJmZDcxZGQzIiwiZW1haWwiOiJwcm9mQGdtYWlsLmNvbSIsInJvbGUiOiJlbnNlaWduYW50IiwiZXhwIjoxNzQ2MzU2Mjk4fQ.hP2-YsbAkbcqelPsegSfiBwSbfjDDblRGYONSQk-vho', '2025-05-04 09:58:18'),
('906f3471-828c-4c08-8a84-eca275342fa4', '37907743-0ce8-4da3-9fcd-7944f4d6cfd8', 'eyJhbGciOiJIUzI1NiIsInR5cCI6IkpXVCJ9.eyJ1c2VyX2lkIjoiMzc5MDc3NDMtMGNlOC00ZGEzLTlmY2QtNzk0NGY0ZDZjZmQ4IiwiZW1haWwiOiJwcm9mNkBnbWFpbC5jb20iLCJyb2xlIjoiZW5zZWlnbmFudCIsImV4cCI6MTc0NjQ4MTAxOH0.Ul_AXyV9tDMQmeLYMDTlsEH3SiEAoCpU8ED34qQPOuc', '2025-05-05 20:36:58'),
('911b47aa-991c-414a-adfe-894636e1f0a9', '37907743-0ce8-4da3-9fcd-7944f4d6cfd8', 'eyJhbGciOiJIUzI1NiIsInR5cCI6IkpXVCJ9.eyJ1c2VyX2lkIjoiMzc5MDc3NDMtMGNlOC00ZGEzLTlmY2QtNzk0NGY0ZDZjZmQ4IiwiZW1haWwiOiJwcm9mNkBnbWFpbC5jb20iLCJyb2xlIjoiZW5zZWlnbmFudCIsImV4cCI6MTc0NjUyNjA1MH0.zhT7CC9zfDAWS6PlaiwKXsThgI4Fifot8sOmylDwQZ4', '2025-05-06 09:07:30'),
('91c86d92-e012-4aa2-99e0-de048ab307c2', '9383ca00-aa17-4e69-a92d-850d55b4d715', 'eyJhbGciOiJIUzI1NiIsInR5cCI6IkpXVCJ9.eyJ1c2VyX2lkIjoiOTM4M2NhMDAtYWExNy00ZTY5LWE5MmQtODUwZDU1YjRkNzE1IiwiZW1haWwiOiJldHVkNEBnbWFpbC5jb20iLCJyb2xlIjoiZXR1ZGlhbnQiLCJleHAiOjE3NDY0MzQ4NjB9.FxoqeG8Umd-YWuUhqcsv9_bs13-fJHh3Mox9MViCm9Y', '2025-05-05 07:47:40'),
('92f66fbb-c0cb-419c-9b8a-c93944345551', '04a8443e-48ec-40b3-8921-87e4ef50fb7e', 'eyJhbGciOiJIUzI1NiIsInR5cCI6IkpXVCJ9.eyJ1c2VyX2lkIjoiMDRhODQ0M2UtNDhlYy00MGIzLTg5MjEtODdlNGVmNTBmYjdlIiwiZW1haWwiOiJldHVkM0BnbWFpbC5jb20iLCJyb2xlIjoiZXR1ZGlhbnQiLCJleHAiOjE3NDY0MzY0NDR9.HXwpM2ueQCpxpzTxuw1m5Fi3MRYfLIFg1VMxo6A47wo', '2025-05-05 08:14:04'),
('942a2e27-7068-4eec-a63c-409f00e9e911', '5e1d50bf-dec1-4cfc-8229-b6d825606ef7', 'eyJhbGciOiJIUzI1NiIsInR5cCI6IkpXVCJ9.eyJ1c2VyX2lkIjoiNWUxZDUwYmYtZGVjMS00Y2ZjLTgyMjktYjZkODI1NjA2ZWY3IiwiZW1haWwiOiJiYmJAZ21haWwuY29tIiwicm9sZSI6ImFkbWluaXN0cmF0ZXVyIiwiZXhwIjoxNzQ2NTQ1ODI5fQ.AkyULNDUjt8jcV7y2UlKxHKtI4xvVyWTflkxdoCtgyI', '2025-05-06 14:37:09'),
('94bf38b9-32e9-42e7-b528-c4f402084441', '6b0f472f-5f6c-400b-acb5-aeac4a24862a', 'eyJhbGciOiJIUzI1NiIsInR5cCI6IkpXVCJ9.eyJ1c2VyX2lkIjoiNmIwZjQ3MmYtNWY2Yy00MDBiLWFjYjUtYWVhYzRhMjQ4NjJhIiwiZW1haWwiOiJwcm9mMUBnbWFpbC5jb20iLCJyb2xlIjoiZW5zZWlnbmFudCIsImV4cCI6MTc0NjM1ODY0OH0.J4C070enk-n1g9uGabpvvCzkKOLoCGjxBErZOsEjcnA', '2025-05-04 10:37:28'),
('950ec61d-ef98-4f1f-b2f2-840ef9ad1e3d', '5e1d50bf-dec1-4cfc-8229-b6d825606ef7', 'eyJhbGciOiJIUzI1NiIsInR5cCI6IkpXVCJ9.eyJ1c2VyX2lkIjoiNWUxZDUwYmYtZGVjMS00Y2ZjLTgyMjktYjZkODI1NjA2ZWY3IiwiZW1haWwiOiJiYmJAZ21haWwuY29tIiwicm9sZSI6ImFkbWluaXN0cmF0ZXVyIiwiZXhwIjoxNzQ2MDkxNjkyfQ.NmfdrqOHrhCBmemu83zHqVxezWQ8JbTJFKetdG4ns_I', '2025-05-01 08:28:12'),
('952614d2-573a-459c-bad7-90bf7c20ae92', 'e3009dc8-f832-47b7-b277-c65c008e8c59', 'eyJhbGciOiJIUzI1NiIsInR5cCI6IkpXVCJ9.eyJ1c2VyX2lkIjoiZTMwMDlkYzgtZjgzMi00N2I3LWIyNzctYzY1YzAwOGU4YzU5IiwiZW1haWwiOiJldHVkNkBnbWFpbC5jb20iLCJyb2xlIjoiZXR1ZGlhbnQiLCJleHAiOjE3NDY0NTY5NDJ9.VRfjj11s0QwEj_jk8tlfQ-Svq8y41FyenHmWlqKulWg', '2025-05-05 13:55:42'),
('961159a6-f373-41a9-a5c8-b4ce506045e1', '5e1d50bf-dec1-4cfc-8229-b6d825606ef7', 'eyJhbGciOiJIUzI1NiIsInR5cCI6IkpXVCJ9.eyJ1c2VyX2lkIjoiNWUxZDUwYmYtZGVjMS00Y2ZjLTgyMjktYjZkODI1NjA2ZWY3IiwiZW1haWwiOiJiYmJAZ21haWwuY29tIiwicm9sZSI6ImFkbWluaXN0cmF0ZXVyIiwiZXhwIjoxNzQ2NjM2OTQ1fQ.bjd6DB7vqNyMT0HIs5kyeAf0FjA-gGO0jPu_PfE67U4', '2025-05-07 15:55:45'),
('9659d3ae-09d1-44be-9efb-37ecc6860bdc', 'ae64d706-ee50-4c8e-828b-f56c87e99e1a', 'eyJhbGciOiJIUzI1NiIsInR5cCI6IkpXVCJ9.eyJ1c2VyX2lkIjoiYWU2NGQ3MDYtZWU1MC00YzhlLTgyOGItZjU2Yzg3ZTk5ZTFhIiwiZW1haWwiOiJldHVkMUBnbWFpbC5jb20iLCJyb2xlIjoiZXR1ZGlhbnQiLCJleHAiOjE3NDY1NDYwMzR9.CHb_AhKJoeO3G4ZAtl93z4NzIYHwlsG-3ut_qAl-M5Y', '2025-05-06 14:40:34'),
('96b77108-9581-42b8-a108-7407963a374a', '98813281-e220-4da9-b114-580d3fad57ff', 'eyJhbGciOiJIUzI1NiIsInR5cCI6IkpXVCJ9.eyJ1c2VyX2lkIjoiOTg4MTMyODEtZTIyMC00ZGE5LWIxMTQtNTgwZDNmYWQ1N2ZmIiwiZW1haWwiOiJldHVkNUBnbWFpbC5jb20iLCJyb2xlIjoiZXR1ZGlhbnQiLCJleHAiOjE3NDY1NDM4OTV9.CUV1KQYFgtG8f_c15aFMh_K0V3E45eprOclJUVhuDsM', '2025-05-06 14:04:55'),
('97ec40eb-c24d-4883-9c4f-aad7d8cb3fe6', 'ae64d706-ee50-4c8e-828b-f56c87e99e1a', 'eyJhbGciOiJIUzI1NiIsInR5cCI6IkpXVCJ9.eyJ1c2VyX2lkIjoiYWU2NGQ3MDYtZWU1MC00YzhlLTgyOGItZjU2Yzg3ZTk5ZTFhIiwiZW1haWwiOiJldHVkMUBnbWFpbC5jb20iLCJyb2xlIjoiZXR1ZGlhbnQiLCJleHAiOjE3NDY0MzE0ODV9.ebwjaKwiQJayQ_5BpPy-oR5vtY759cLpAS3U9NNnphg', '2025-05-05 06:51:25'),
('9859456a-598e-4ac8-8df7-68211815f95b', '908988bc-fb01-47a6-a723-cad52dd0873d', 'eyJhbGciOiJIUzI1NiIsInR5cCI6IkpXVCJ9.eyJ1c2VyX2lkIjoiOTA4OTg4YmMtZmIwMS00N2E2LWE3MjMtY2FkNTJkZDA4NzNkIiwiZW1haWwiOiJnZ2dAZ21haWwuY29tIiwicm9sZSI6ImVuc2VpZ25hbnQiLCJleHAiOjE3NDYxMDAwNjd9.ZX-6ksWqWhMktC-MoLoNVOLzJxNAy4D5RcpeIGR0BGg', '2025-05-01 10:47:47'),
('986cb067-0be2-474d-978b-35b24ab462e8', '6b0f472f-5f6c-400b-acb5-aeac4a24862a', 'eyJhbGciOiJIUzI1NiIsInR5cCI6IkpXVCJ9.eyJ1c2VyX2lkIjoiNmIwZjQ3MmYtNWY2Yy00MDBiLWFjYjUtYWVhYzRhMjQ4NjJhIiwiZW1haWwiOiJwcm9mMUBnbWFpbC5jb20iLCJyb2xlIjoiZW5zZWlnbmFudCIsImV4cCI6MTc0NjM3MTUwN30.M4tblYmg7Nkn6DkGWpih8KBs4R8J2VWih0DM3Vl3gN8', '2025-05-04 14:11:47'),
('98f064b3-7fe1-42e7-b52a-e2760b201693', 'a8c7c2de-7437-4cd9-a41d-c046d0345b27', 'eyJhbGciOiJIUzI1NiIsInR5cCI6IkpXVCJ9.eyJ1c2VyX2lkIjoiYThjN2MyZGUtNzQzNy00Y2Q5LWE0MWQtYzA0NmQwMzQ1YjI3IiwiZW1haWwiOiJwcm9mMkBnbWFpbC5jb20iLCJyb2xlIjoiZW5zZWlnbmFudCIsImV4cCI6MTc0NjQzNzU4NX0._C-Ew6HZDHbFuf6At1V2AjAxFqOp0oAJ_C-5d90VoEc', '2025-05-05 08:33:05'),
('99710402-7789-44cb-917e-e06693edf25d', 'ae64d706-ee50-4c8e-828b-f56c87e99e1a', 'eyJhbGciOiJIUzI1NiIsInR5cCI6IkpXVCJ9.eyJ1c2VyX2lkIjoiYWU2NGQ3MDYtZWU1MC00YzhlLTgyOGItZjU2Yzg3ZTk5ZTFhIiwiZW1haWwiOiJldHVkMUBnbWFpbC5jb20iLCJyb2xlIjoiZXR1ZGlhbnQiLCJleHAiOjE3NDYzNjAwNjJ9.1zXNryR2kH3RPJ_e505gb_F_QgZonUzdGGZ05dOWD_4', '2025-05-04 11:01:02'),
('998f6b0e-3d98-41f0-be7c-4fae427f8455', '908988bc-fb01-47a6-a723-cad52dd0873d', 'eyJhbGciOiJIUzI1NiIsInR5cCI6IkpXVCJ9.eyJ1c2VyX2lkIjoiOTA4OTg4YmMtZmIwMS00N2E2LWE3MjMtY2FkNTJkZDA4NzNkIiwiZW1haWwiOiJnZ2dAZ21haWwuY29tIiwicm9sZSI6ImVuc2VpZ25hbnQiLCJleHAiOjE3NDYyMDA1NjZ9.nhegrq027ATU5gJ_TlHc9yaIVoJ132k_UVa-6Ei7lbQ', '2025-05-02 14:42:46'),
('9ad518fd-b3b6-47c9-9193-c6066a9db596', '6b0f472f-5f6c-400b-acb5-aeac4a24862a', 'eyJhbGciOiJIUzI1NiIsInR5cCI6IkpXVCJ9.eyJ1c2VyX2lkIjoiNmIwZjQ3MmYtNWY2Yy00MDBiLWFjYjUtYWVhYzRhMjQ4NjJhIiwiZW1haWwiOiJwcm9mMUBnbWFpbC5jb20iLCJyb2xlIjoiZW5zZWlnbmFudCIsImV4cCI6MTc0NjM2MjY2M30.Lb2-b4c41TbrCaMOfLe1WE_38vt7oGoiPmJtCRH8K9s', '2025-05-04 11:44:23'),
('9f452cea-fa5f-4613-97e7-73d902ca0b43', 'ae64d706-ee50-4c8e-828b-f56c87e99e1a', 'eyJhbGciOiJIUzI1NiIsInR5cCI6IkpXVCJ9.eyJ1c2VyX2lkIjoiYWU2NGQ3MDYtZWU1MC00YzhlLTgyOGItZjU2Yzg3ZTk5ZTFhIiwiZW1haWwiOiJldHVkMUBnbWFpbC5jb20iLCJyb2xlIjoiZXR1ZGlhbnQiLCJleHAiOjE3NDY1NzY3NDh9.Xp7mkgLwLlSP4U336Ol53rdsgS9kwi3tXmuv6CvbhUk', '2025-05-06 23:12:28'),
('a059ce1b-d5cd-4568-9624-7e64ee015398', '908988bc-fb01-47a6-a723-cad52dd0873d', 'eyJhbGciOiJIUzI1NiIsInR5cCI6IkpXVCJ9.eyJ1c2VyX2lkIjoiOTA4OTg4YmMtZmIwMS00N2E2LWE3MjMtY2FkNTJkZDA4NzNkIiwiZW1haWwiOiJnZ2dAZ21haWwuY29tIiwicm9sZSI6ImVuc2VpZ25hbnQiLCJleHAiOjE3NDYyNjEyNzF9.Zmm9LLPNSJMmCHyTZqxqQ8SZgxV0zTfHpDQFaciBngE', '2025-05-03 07:34:31'),
('a1de1cfc-5fd8-48de-b3fd-9f6ccc918242', '72214877-6131-4490-a33f-fc7367685d9f', 'eyJhbGciOiJIUzI1NiIsInR5cCI6IkpXVCJ9.eyJ1c2VyX2lkIjoiNzIyMTQ4NzctNjEzMS00NDkwLWEzM2YtZmM3MzY3Njg1ZDlmIiwiZW1haWwiOiJwcm9mM0BnbWFpbC5jb20iLCJyb2xlIjoiZW5zZWlnbmFudCIsImV4cCI6MTc0NjM2NDExNn0.RQUlnXqjpqezZHeCZF81ETchd06wVx9x0ppRI_DLAt8', '2025-05-04 12:08:36'),
('a76064d5-e0f6-40a4-ab2e-055c08640dbc', 'ae64d706-ee50-4c8e-828b-f56c87e99e1a', 'eyJhbGciOiJIUzI1NiIsInR5cCI6IkpXVCJ9.eyJ1c2VyX2lkIjoiYWU2NGQ3MDYtZWU1MC00YzhlLTgyOGItZjU2Yzg3ZTk5ZTFhIiwiZW1haWwiOiJldHVkMUBnbWFpbC5jb20iLCJyb2xlIjoiZXR1ZGlhbnQiLCJleHAiOjE3NDY1NzgyODN9.aDOuUYKIk5ySQHZi10mKy5ek-Eg57uLPwyKQZvC9yoQ', '2025-05-06 23:38:03'),
('a8df7665-de43-42f1-a4c1-c0abc81f46f0', 'a8c7c2de-7437-4cd9-a41d-c046d0345b27', 'eyJhbGciOiJIUzI1NiIsInR5cCI6IkpXVCJ9.eyJ1c2VyX2lkIjoiYThjN2MyZGUtNzQzNy00Y2Q5LWE0MWQtYzA0NmQwMzQ1YjI3IiwiZW1haWwiOiJwcm9mMkBnbWFpbC5jb20iLCJyb2xlIjoiZW5zZWlnbmFudCIsImV4cCI6MTc0NjQ0NTMyM30.Xx5AQ4UcBxsiEZu5IxMx0F9Kwyev-0_Oeas32zmb-jY', '2025-05-05 10:42:03'),
('aab73ef5-ea7f-49dc-8e42-b0c7869423f4', '6b0f472f-5f6c-400b-acb5-aeac4a24862a', 'eyJhbGciOiJIUzI1NiIsInR5cCI6IkpXVCJ9.eyJ1c2VyX2lkIjoiNmIwZjQ3MmYtNWY2Yy00MDBiLWFjYjUtYWVhYzRhMjQ4NjJhIiwiZW1haWwiOiJwcm9mMUBnbWFpbC5jb20iLCJyb2xlIjoiZW5zZWlnbmFudCIsImV4cCI6MTc0NjM3MTM1M30.-q0NsQn2QBueZ2e1mInkovtemXTRfPpc0va_x2bfdI8', '2025-05-04 14:09:13'),
('aae95004-275c-4235-ab75-97ab3cadfe60', '908988bc-fb01-47a6-a723-cad52dd0873d', 'eyJhbGciOiJIUzI1NiIsInR5cCI6IkpXVCJ9.eyJ1c2VyX2lkIjoiOTA4OTg4YmMtZmIwMS00N2E2LWE3MjMtY2FkNTJkZDA4NzNkIiwiZW1haWwiOiJnZ2dAZ21haWwuY29tIiwicm9sZSI6ImVuc2VpZ25hbnQiLCJleHAiOjE3NDYxMDI4OTR9.D9ignUuOjKZQrrKxEvZHgGImfIyY2Bwo_laTK-yTlPY', '2025-05-01 11:34:54'),
('ad4c2300-7cf7-48aa-9c07-898d7f25d60a', 'ae64d706-ee50-4c8e-828b-f56c87e99e1a', 'eyJhbGciOiJIUzI1NiIsInR5cCI6IkpXVCJ9.eyJ1c2VyX2lkIjoiYWU2NGQ3MDYtZWU1MC00YzhlLTgyOGItZjU2Yzg3ZTk5ZTFhIiwiZW1haWwiOiJldHVkMUBnbWFpbC5jb20iLCJyb2xlIjoiZXR1ZGlhbnQiLCJleHAiOjE3NDY0OTEzNjl9.Wv7RoV9Z-k087iA8SWKk6WmzjOZ6XVTw4WOGuer-NWQ', '2025-05-05 23:29:29'),
('aec96d9a-97d4-45fa-9ff2-59949d403b10', '37907743-0ce8-4da3-9fcd-7944f4d6cfd8', 'eyJhbGciOiJIUzI1NiIsInR5cCI6IkpXVCJ9.eyJ1c2VyX2lkIjoiMzc5MDc3NDMtMGNlOC00ZGEzLTlmY2QtNzk0NGY0ZDZjZmQ4IiwiZW1haWwiOiJwcm9mNkBnbWFpbC5jb20iLCJyb2xlIjoiZW5zZWlnbmFudCIsImV4cCI6MTc0NjQ2MDkzNX0.rt_lkRQfIZS46HNXozJEZFz61YCREjUigg81ouZ3iGg', '2025-05-05 15:02:15'),
('afab831a-cc8f-4c90-86df-8837538d9d43', 'e3009dc8-f832-47b7-b277-c65c008e8c59', 'eyJhbGciOiJIUzI1NiIsInR5cCI6IkpXVCJ9.eyJ1c2VyX2lkIjoiZTMwMDlkYzgtZjgzMi00N2I3LWIyNzctYzY1YzAwOGU4YzU5IiwiZW1haWwiOiJldHVkNkBnbWFpbC5jb20iLCJyb2xlIjoiZXR1ZGlhbnQiLCJleHAiOjE3NDY0ODIyNzR9.c4f_kF8Pm97vu0yIFD198SvSK95hWjwSuDOpfXL9B-A', '2025-05-05 20:57:54'),
('b299fc6c-f5d1-4c92-b23f-7a6b6c3f3b66', 'ae64d706-ee50-4c8e-828b-f56c87e99e1a', 'eyJhbGciOiJIUzI1NiIsInR5cCI6IkpXVCJ9.eyJ1c2VyX2lkIjoiYWU2NGQ3MDYtZWU1MC00YzhlLTgyOGItZjU2Yzg3ZTk5ZTFhIiwiZW1haWwiOiJldHVkMUBnbWFpbC5jb20iLCJyb2xlIjoiZXR1ZGlhbnQiLCJleHAiOjE3NDY1NzE1Mzh9.LVt5JaA_IecJ3z1fgkRApvG53BODRQ7HcUYyJxJttVQ', '2025-05-06 21:45:38'),
('b2ff094b-0641-46f9-946d-7b5c5797f81f', '986dddfb-601e-4d9e-ad87-f6982fd71dd3', 'eyJhbGciOiJIUzI1NiIsInR5cCI6IkpXVCJ9.eyJ1c2VyX2lkIjoiOTg2ZGRkZmItNjAxZS00ZDllLWFkODctZjY5ODJmZDcxZGQzIiwiZW1haWwiOiJwcm9mQGdtYWlsLmNvbSIsInJvbGUiOiJlbnNlaWduYW50IiwiZXhwIjoxNzQ2NzUyMTg5fQ.g5aT-Rc81BUuLtR_HZIYdUWheClKSUgUIiOuphvP1AI', '2025-05-08 23:56:29'),
('b3321a7d-8949-4451-bfd5-8db6b7c9a4fe', 'e3009dc8-f832-47b7-b277-c65c008e8c59', 'eyJhbGciOiJIUzI1NiIsInR5cCI6IkpXVCJ9.eyJ1c2VyX2lkIjoiZTMwMDlkYzgtZjgzMi00N2I3LWIyNzctYzY1YzAwOGU4YzU5IiwiZW1haWwiOiJldHVkNkBnbWFpbC5jb20iLCJyb2xlIjoiZXR1ZGlhbnQiLCJleHAiOjE3NDY0ODE2NzR9.yqv3L0y2P4ldkvRnnl_qUXbJuDlcwr-BAbsGzgiGi-Y', '2025-05-05 20:47:54'),
('b5575cdd-042e-4811-9f77-68b8c467bd1f', 'ae64d706-ee50-4c8e-828b-f56c87e99e1a', 'eyJhbGciOiJIUzI1NiIsInR5cCI6IkpXVCJ9.eyJ1c2VyX2lkIjoiYWU2NGQ3MDYtZWU1MC00YzhlLTgyOGItZjU2Yzg3ZTk5ZTFhIiwiZW1haWwiOiJldHVkMUBnbWFpbC5jb20iLCJyb2xlIjoiZXR1ZGlhbnQiLCJleHAiOjE3NDY2MTQ2MzB9.hk0VRe_NpbuyTGwNu2LzWfrqbRNt_XyRlr0kMNrCD38', '2025-05-07 09:43:50'),
('b5f54242-7412-4152-8d4f-34d5f7eb21ae', '5e1d50bf-dec1-4cfc-8229-b6d825606ef7', 'eyJhbGciOiJIUzI1NiIsInR5cCI6IkpXVCJ9.eyJ1c2VyX2lkIjoiNWUxZDUwYmYtZGVjMS00Y2ZjLTgyMjktYjZkODI1NjA2ZWY3IiwiZW1haWwiOiJiYmJAZ21haWwuY29tIiwicm9sZSI6ImFkbWluaXN0cmF0ZXVyIiwiZXhwIjoxNzQ2MTA1Mjk0fQ.mIgFH54RqyHf7oSGQrark7KaX7EQf_h0LejKP-x7kEs', '2025-05-01 12:14:54'),
('b6f4e31b-26c1-4fae-aa13-df33deecc09a', '37907743-0ce8-4da3-9fcd-7944f4d6cfd8', 'eyJhbGciOiJIUzI1NiIsInR5cCI6IkpXVCJ9.eyJ1c2VyX2lkIjoiMzc5MDc3NDMtMGNlOC00ZGEzLTlmY2QtNzk0NGY0ZDZjZmQ4IiwiZW1haWwiOiJwcm9mNkBnbWFpbC5jb20iLCJyb2xlIjoiZW5zZWlnbmFudCIsImV4cCI6MTc0NjQ5MDgxNn0.YCS_iaL8M7jhuJlf5BjYVPTTEcfiIc4eHD5e7hcbw70', '2025-05-05 23:20:16'),
('b76a2921-4d8a-4dfc-9a62-2240bc7c23de', '6b0f472f-5f6c-400b-acb5-aeac4a24862a', 'eyJhbGciOiJIUzI1NiIsInR5cCI6IkpXVCJ9.eyJ1c2VyX2lkIjoiNmIwZjQ3MmYtNWY2Yy00MDBiLWFjYjUtYWVhYzRhMjQ4NjJhIiwiZW1haWwiOiJwcm9mMUBnbWFpbC5jb20iLCJyb2xlIjoiZW5zZWlnbmFudCIsImV4cCI6MTc0NjU3NzI1OX0.imQIQGb-9Sm1xF5_J6NC5pvfiYtWgILrP0rIJDXzsFE', '2025-05-06 23:20:59'),
('b7c5cd67-a0da-4859-a2df-05a4a925669f', '5e1d50bf-dec1-4cfc-8229-b6d825606ef7', 'eyJhbGciOiJIUzI1NiIsInR5cCI6IkpXVCJ9.eyJ1c2VyX2lkIjoiNWUxZDUwYmYtZGVjMS00Y2ZjLTgyMjktYjZkODI1NjA2ZWY3IiwiZW1haWwiOiJiYmJAZ21haWwuY29tIiwicm9sZSI6ImFkbWluaXN0cmF0ZXVyIiwiZXhwIjoxNzQ2NTQ2Nzk3fQ.AKteylhV9723yFEhVzLpnlWgqyS0rgv-uPelm4dV2Sg', '2025-05-06 14:53:17'),
('b9424d48-7e9c-4fc3-99e5-3532be23b7d4', '908988bc-fb01-47a6-a723-cad52dd0873d', 'eyJhbGciOiJIUzI1NiIsInR5cCI6IkpXVCJ9.eyJ1c2VyX2lkIjoiOTA4OTg4YmMtZmIwMS00N2E2LWE3MjMtY2FkNTJkZDA4NzNkIiwiZW1haWwiOiJnZ2dAZ21haWwuY29tIiwicm9sZSI6ImVuc2VpZ25hbnQiLCJleHAiOjE3NDYxMDEyNTJ9.Chm7fE_uOlyLTzNKIeVvxSc-o7857pS5Vri6JArQJh4', '2025-05-01 11:07:32'),
('b99ecb21-1b58-4973-82b9-b042aa4a79ba', '5e1d50bf-dec1-4cfc-8229-b6d825606ef7', 'eyJhbGciOiJIUzI1NiIsInR5cCI6IkpXVCJ9.eyJ1c2VyX2lkIjoiNWUxZDUwYmYtZGVjMS00Y2ZjLTgyMjktYjZkODI1NjA2ZWY3IiwiZW1haWwiOiJiYmJAZ21haWwuY29tIiwicm9sZSI6ImV0dWRpYW50IiwiZXhwIjoxNzQ2MDkwMzgwfQ.jOo7E7v8NcKIF3rXw7LVWX7S0WUsl8bT4aPACb5eqvI', '2025-05-01 08:06:20'),
('ba0b69e7-633f-4e31-a169-2c001ebabbbc', '72214877-6131-4490-a33f-fc7367685d9f', 'eyJhbGciOiJIUzI1NiIsInR5cCI6IkpXVCJ9.eyJ1c2VyX2lkIjoiNzIyMTQ4NzctNjEzMS00NDkwLWEzM2YtZmM3MzY3Njg1ZDlmIiwiZW1haWwiOiJwcm9mM0BnbWFpbC5jb20iLCJyb2xlIjoiZW5zZWlnbmFudCIsImV4cCI6MTc0NjQwNTYwM30.Yz1p_XRnYLKFJROBAuxtTMiNbUlTuVdBIRRvH1I10X0', '2025-05-04 23:40:03'),
('bacbf4aa-d7e3-41b9-9f1b-53d7022a744f', 'e3009dc8-f832-47b7-b277-c65c008e8c59', 'eyJhbGciOiJIUzI1NiIsInR5cCI6IkpXVCJ9.eyJ1c2VyX2lkIjoiZTMwMDlkYzgtZjgzMi00N2I3LWIyNzctYzY1YzAwOGU4YzU5IiwiZW1haWwiOiJldHVkNkBnbWFpbC5jb20iLCJyb2xlIjoiZXR1ZGlhbnQiLCJleHAiOjE3NDY0NTcyMDF9.qL8ekz6zmbwu7vnS7ksCpVvDqEIafESnE5UX0TDXygs', '2025-05-05 14:00:01'),
('becfad7b-49ba-4013-905d-604e1093bcd3', '72214877-6131-4490-a33f-fc7367685d9f', 'eyJhbGciOiJIUzI1NiIsInR5cCI6IkpXVCJ9.eyJ1c2VyX2lkIjoiNzIyMTQ4NzctNjEzMS00NDkwLWEzM2YtZmM3MzY3Njg1ZDlmIiwiZW1haWwiOiJwcm9mM0BnbWFpbC5jb20iLCJyb2xlIjoiZW5zZWlnbmFudCIsImV4cCI6MTc0NjM2MDc4NX0.7h-GfAyedQVQsraTRYxz8uCA1BsrqpRrhjMQErrW_g4', '2025-05-04 11:13:05'),
('bfa62909-4a60-4ef4-a834-be3371e8efd0', 'e3009dc8-f832-47b7-b277-c65c008e8c59', 'eyJhbGciOiJIUzI1NiIsInR5cCI6IkpXVCJ9.eyJ1c2VyX2lkIjoiZTMwMDlkYzgtZjgzMi00N2I3LWIyNzctYzY1YzAwOGU4YzU5IiwiZW1haWwiOiJldHVkNkBnbWFpbC5jb20iLCJyb2xlIjoiZXR1ZGlhbnQiLCJleHAiOjE3NDY1NTQ1MTV9.SwsgCj2od3ZEDiWWaWhmE1OaX_0YhOVyMZbdg_sVkrA', '2025-05-06 17:01:55'),
('bfcc5ebb-e6bb-43ec-b310-b75cfc6d0962', 'e3009dc8-f832-47b7-b277-c65c008e8c59', 'eyJhbGciOiJIUzI1NiIsInR5cCI6IkpXVCJ9.eyJ1c2VyX2lkIjoiZTMwMDlkYzgtZjgzMi00N2I3LWIyNzctYzY1YzAwOGU4YzU5IiwiZW1haWwiOiJldHVkNkBnbWFpbC5jb20iLCJyb2xlIjoiZXR1ZGlhbnQiLCJleHAiOjE3NDY0NDk4MTJ9.VZU6hPmo9Xo-SIdR6BIBi21ah3LCM-v3J71KbOfpxW0', '2025-05-05 11:56:52'),
('bff2a7e3-18ff-4c5c-8e78-95bc9759388a', '6b0f472f-5f6c-400b-acb5-aeac4a24862a', 'eyJhbGciOiJIUzI1NiIsInR5cCI6IkpXVCJ9.eyJ1c2VyX2lkIjoiNmIwZjQ3MmYtNWY2Yy00MDBiLWFjYjUtYWVhYzRhMjQ4NjJhIiwiZW1haWwiOiJwcm9mMUBnbWFpbC5jb20iLCJyb2xlIjoiZW5zZWlnbmFudCIsImV4cCI6MTc0NjM2MjM1MH0.-m6OrUTwPq2yR5qSyW5MUNAW2AMHn_HrT3YEgEDU0eg', '2025-05-04 11:39:10'),
('c03b53b7-0a79-46ce-8ea5-9d38c53495e0', '9383ca00-aa17-4e69-a92d-850d55b4d715', 'eyJhbGciOiJIUzI1NiIsInR5cCI6IkpXVCJ9.eyJ1c2VyX2lkIjoiOTM4M2NhMDAtYWExNy00ZTY5LWE5MmQtODUwZDU1YjRkNzE1IiwiZW1haWwiOiJldHVkNEBnbWFpbC5jb20iLCJyb2xlIjoiZXR1ZGlhbnQiLCJleHAiOjE3NDYzNjA4ODJ9.-0SkxqUGvDCLQDPZm0Bl9Kc7XXTVs4F-CnOHyub6juQ', '2025-05-04 11:14:42'),
('c14fb674-4f69-4d68-8b9c-2796e70722fc', 'ae64d706-ee50-4c8e-828b-f56c87e99e1a', 'eyJhbGciOiJIUzI1NiIsInR5cCI6IkpXVCJ9.eyJ1c2VyX2lkIjoiYWU2NGQ3MDYtZWU1MC00YzhlLTgyOGItZjU2Yzg3ZTk5ZTFhIiwiZW1haWwiOiJldHVkMUBnbWFpbC5jb20iLCJyb2xlIjoiZXR1ZGlhbnQiLCJleHAiOjE3NDYzNjUzMzd9.vn43_ykp9Ine22Ppxtpyucj1_a8WIRmbKLY555PcCD8', '2025-05-04 12:28:57'),
('c1fa5e21-177a-421a-b439-e8d536fb28b6', 'a8c7c2de-7437-4cd9-a41d-c046d0345b27', 'eyJhbGciOiJIUzI1NiIsInR5cCI6IkpXVCJ9.eyJ1c2VyX2lkIjoiYThjN2MyZGUtNzQzNy00Y2Q5LWE0MWQtYzA0NmQwMzQ1YjI3IiwiZW1haWwiOiJwcm9mMkBnbWFpbC5jb20iLCJyb2xlIjoiZW5zZWlnbmFudCIsImV4cCI6MTc0NjM2MzA0NX0.s4zhJJQ-QYyy3e_KEE5lPqNgEORWXJBSiWyI22nEAfc', '2025-05-04 11:50:45'),
('c5aa6c1b-2699-4df4-bf16-9c998cdeef12', '6b0f472f-5f6c-400b-acb5-aeac4a24862a', 'eyJhbGciOiJIUzI1NiIsInR5cCI6IkpXVCJ9.eyJ1c2VyX2lkIjoiNmIwZjQ3MmYtNWY2Yy00MDBiLWFjYjUtYWVhYzRhMjQ4NjJhIiwiZW1haWwiOiJwcm9mMUBnbWFpbC5jb20iLCJyb2xlIjoiZW5zZWlnbmFudCIsImV4cCI6MTc0NjQ0MTkzNX0.ikC00lkHSkzjX2YElcKpxdMTqa5KM808SoOaNbCRF98', '2025-05-05 09:45:35'),
('c6730c37-60bc-44b9-abd9-074996f39942', '908988bc-fb01-47a6-a723-cad52dd0873d', 'eyJhbGciOiJIUzI1NiIsInR5cCI6IkpXVCJ9.eyJ1c2VyX2lkIjoiOTA4OTg4YmMtZmIwMS00N2E2LWE3MjMtY2FkNTJkZDA4NzNkIiwiZW1haWwiOiJnZ2dAZ21haWwuY29tIiwicm9sZSI6ImVuc2VpZ25hbnQiLCJleHAiOjE3NDYyMDAzMTJ9.FwnCuv1TJ_VPTV5kvZgPRYYwbFwGF-Na_UO8yPGM7BE', '2025-05-02 14:38:32'),
('c680a8cf-959d-4acf-bcf8-688dbcace56c', '5e1d50bf-dec1-4cfc-8229-b6d825606ef7', 'eyJhbGciOiJIUzI1NiIsInR5cCI6IkpXVCJ9.eyJ1c2VyX2lkIjoiNWUxZDUwYmYtZGVjMS00Y2ZjLTgyMjktYjZkODI1NjA2ZWY3IiwiZW1haWwiOiJiYmJAZ21haWwuY29tIiwicm9sZSI6ImFkbWluaXN0cmF0ZXVyIiwiZXhwIjoxNzQ2NjQ3OTQyfQ.sK7YDET_YvpMtXBNQR0L7QbU-Rb8J6sDqCfCQCnHnuU', '2025-05-07 18:59:02'),
('c6910da8-6ef6-44e3-8306-b0b90b489c23', '0b858bf5-0dbe-4650-b95f-b40770bbb3a7', 'eyJhbGciOiJIUzI1NiIsInR5cCI6IkpXVCJ9.eyJ1c2VyX2lkIjoiMGI4NThiZjUtMGRiZS00NjUwLWI5NWYtYjQwNzcwYmJiM2E3IiwiZW1haWwiOiJldHVkMkBnbWFpbC5jb20iLCJyb2xlIjoiZXR1ZGlhbnQiLCJleHAiOjE3NDY0Mzg0NTJ9.Rm6dcNsPZ_vsIVS9PDCZZOb7EfFiLieefsZsAYwD5D8', '2025-05-05 08:47:32'),
('c7059ad7-3248-441f-844b-ff6a7e742deb', '6b0f472f-5f6c-400b-acb5-aeac4a24862a', 'eyJhbGciOiJIUzI1NiIsInR5cCI6IkpXVCJ9.eyJ1c2VyX2lkIjoiNmIwZjQ3MmYtNWY2Yy00MDBiLWFjYjUtYWVhYzRhMjQ4NjJhIiwiZW1haWwiOiJwcm9mMUBnbWFpbC5jb20iLCJyb2xlIjoiZW5zZWlnbmFudCIsImV4cCI6MTc0NjM1NjcwM30.gpWHF0vxKr0YXM9ViOdEhCKbkFp-VF719y5ZULT_vCI', '2025-05-04 10:05:03'),
('c8559c3d-6b4e-441d-8b48-8d5801e3aae5', '37907743-0ce8-4da3-9fcd-7944f4d6cfd8', 'eyJhbGciOiJIUzI1NiIsInR5cCI6IkpXVCJ9.eyJ1c2VyX2lkIjoiMzc5MDc3NDMtMGNlOC00ZGEzLTlmY2QtNzk0NGY0ZDZjZmQ4IiwiZW1haWwiOiJwcm9mNkBnbWFpbC5jb20iLCJyb2xlIjoiZW5zZWlnbmFudCIsImV4cCI6MTc0NjU0MzE1Nn0.O0K4Ww1sePc-lRZoUgGcX7cVuKJffDbHBjj4CWtvt_4', '2025-05-06 13:52:36'),
('c86594fb-a018-45e5-8f96-1dcdd917a023', '37907743-0ce8-4da3-9fcd-7944f4d6cfd8', 'eyJhbGciOiJIUzI1NiIsInR5cCI6IkpXVCJ9.eyJ1c2VyX2lkIjoiMzc5MDc3NDMtMGNlOC00ZGEzLTlmY2QtNzk0NGY0ZDZjZmQ4IiwiZW1haWwiOiJwcm9mNkBnbWFpbC5jb20iLCJyb2xlIjoiZW5zZWlnbmFudCIsImV4cCI6MTc0NjU3Nzg0OH0.yuhi3eR31BFnQYIbD_3r71VabE6YE1zgHPjGvPy86MU', '2025-05-06 23:30:48'),
('c96f26b8-c1fc-4125-83b8-45a30bd675a9', 'e3009dc8-f832-47b7-b277-c65c008e8c59', 'eyJhbGciOiJIUzI1NiIsInR5cCI6IkpXVCJ9.eyJ1c2VyX2lkIjoiZTMwMDlkYzgtZjgzMi00N2I3LWIyNzctYzY1YzAwOGU4YzU5IiwiZW1haWwiOiJldHVkNkBnbWFpbC5jb20iLCJyb2xlIjoiZXR1ZGlhbnQiLCJleHAiOjE3NDY0NjQ0MjB9.UnOvR2exBhCrcX7WnVyMhkJr7nexeGup5pNbhT4mABo', '2025-05-05 16:00:20'),
('cc18c6fb-ee35-4c0d-b91b-bd8b78212db7', '5e1d50bf-dec1-4cfc-8229-b6d825606ef7', 'eyJhbGciOiJIUzI1NiIsInR5cCI6IkpXVCJ9.eyJ1c2VyX2lkIjoiNWUxZDUwYmYtZGVjMS00Y2ZjLTgyMjktYjZkODI1NjA2ZWY3IiwiZW1haWwiOiJiYmJAZ21haWwuY29tIiwicm9sZSI6ImFkbWluaXN0cmF0ZXVyIiwiZXhwIjoxNzQ2NDM4MTIzfQ.uVEB3_wm4Pm49EQqqNp8npr_52QLnPPkCNsh6u2N0Hs', '2025-05-05 08:42:03'),
('cc2fac21-7028-4a34-80bf-4a0378c7027f', 'e3009dc8-f832-47b7-b277-c65c008e8c59', 'eyJhbGciOiJIUzI1NiIsInR5cCI6IkpXVCJ9.eyJ1c2VyX2lkIjoiZTMwMDlkYzgtZjgzMi00N2I3LWIyNzctYzY1YzAwOGU4YzU5IiwiZW1haWwiOiJldHVkNkBnbWFpbC5jb20iLCJyb2xlIjoiZXR1ZGlhbnQiLCJleHAiOjE3NDY1NDg4MjV9.tnFbi6t6YmI15chVuKRROrZ97e8u7LmyixLv7gVOJEE', '2025-05-06 15:27:05'),
('cc6ff56e-f72a-43a9-aa9d-958c48126241', 'a8c7c2de-7437-4cd9-a41d-c046d0345b27', 'eyJhbGciOiJIUzI1NiIsInR5cCI6IkpXVCJ9.eyJ1c2VyX2lkIjoiYThjN2MyZGUtNzQzNy00Y2Q5LWE0MWQtYzA0NmQwMzQ1YjI3IiwiZW1haWwiOiJwcm9mMkBnbWFpbC5jb20iLCJyb2xlIjoiZW5zZWlnbmFudCIsImV4cCI6MTc0NjQzNzY5NH0.jcQhERl5k-OiFgdJDDuPX92O39DtXVr2Bf2QzTzpmd0', '2025-05-05 08:34:54'),
('cfb9f3ec-7273-47b1-b2cc-9cb19a6b2d07', '9383ca00-aa17-4e69-a92d-850d55b4d715', 'eyJhbGciOiJIUzI1NiIsInR5cCI6IkpXVCJ9.eyJ1c2VyX2lkIjoiOTM4M2NhMDAtYWExNy00ZTY5LWE5MmQtODUwZDU1YjRkNzE1IiwiZW1haWwiOiJldHVkNEBnbWFpbC5jb20iLCJyb2xlIjoiZXR1ZGlhbnQiLCJleHAiOjE3NDY0NDM5NzN9.K2GV1wuR_yQW6hl72d-OJyXAtQNTC7fPjozBhLdr1FY', '2025-05-05 10:19:33'),
('d12303c4-8519-49cb-b2f4-2192a8e8161f', '0b858bf5-0dbe-4650-b95f-b40770bbb3a7', 'eyJhbGciOiJIUzI1NiIsInR5cCI6IkpXVCJ9.eyJ1c2VyX2lkIjoiMGI4NThiZjUtMGRiZS00NjUwLWI5NWYtYjQwNzcwYmJiM2E3IiwiZW1haWwiOiJldHVkMkBnbWFpbC5jb20iLCJyb2xlIjoiZXR1ZGlhbnQiLCJleHAiOjE3NDY0NDgwMDd9.mAsdKapqBg2kmGmnL7RAyhYBwzosdIRYYYmuPQ3cpKw', '2025-05-05 11:26:47'),
('d4b517d6-3785-4243-8410-1a8f8f203ae4', 'ae64d706-ee50-4c8e-828b-f56c87e99e1a', 'eyJhbGciOiJIUzI1NiIsInR5cCI6IkpXVCJ9.eyJ1c2VyX2lkIjoiYWU2NGQ3MDYtZWU1MC00YzhlLTgyOGItZjU2Yzg3ZTk5ZTFhIiwiZW1haWwiOiJldHVkMUBnbWFpbC5jb20iLCJyb2xlIjoiZXR1ZGlhbnQiLCJleHAiOjE3NDY0NzcwMDZ9.GOPvSlyktkPBxK1gS4fiDUtWdLhOyKWhB_hOk7AeRfs', '2025-05-05 19:30:06'),
('d4bd1f84-39bf-471b-bcd3-f3a068030bad', 'ae64d706-ee50-4c8e-828b-f56c87e99e1a', 'eyJhbGciOiJIUzI1NiIsInR5cCI6IkpXVCJ9.eyJ1c2VyX2lkIjoiYWU2NGQ3MDYtZWU1MC00YzhlLTgyOGItZjU2Yzg3ZTk5ZTFhIiwiZW1haWwiOiJldHVkMUBnbWFpbC5jb20iLCJyb2xlIjoiZXR1ZGlhbnQiLCJleHAiOjE3NDY0Njc2NDZ9.vbOAnfGbSOx5_QSdncbTMmC6gk4KB9EVvNvri08WHx8', '2025-05-05 16:54:06'),
('d5468e78-37df-4496-acda-bd95037f804f', '37907743-0ce8-4da3-9fcd-7944f4d6cfd8', 'eyJhbGciOiJIUzI1NiIsInR5cCI6IkpXVCJ9.eyJ1c2VyX2lkIjoiMzc5MDc3NDMtMGNlOC00ZGEzLTlmY2QtNzk0NGY0ZDZjZmQ4IiwiZW1haWwiOiJwcm9mNkBnbWFpbC5jb20iLCJyb2xlIjoiZW5zZWlnbmFudCIsImV4cCI6MTc0NjU0OTkwOH0.aKHvwHcc3iQChDc6UrID-Pv2NtK31h8xgWAT_wQ4WKo', '2025-05-06 15:45:08'),
('d732cf2d-0d87-4fbf-92a3-ee29a7b0f17c', 'ae64d706-ee50-4c8e-828b-f56c87e99e1a', 'eyJhbGciOiJIUzI1NiIsInR5cCI6IkpXVCJ9.eyJ1c2VyX2lkIjoiYWU2NGQ3MDYtZWU1MC00YzhlLTgyOGItZjU2Yzg3ZTk5ZTFhIiwiZW1haWwiOiJldHVkMUBnbWFpbC5jb20iLCJyb2xlIjoiZXR1ZGlhbnQiLCJleHAiOjE3NDY0NDE3NTJ9.UkcBPIqq_pCblXsesFx6FbaNQdyR3xgZ8O3xUqh1pJ0', '2025-05-05 09:42:32'),
('dbc45354-5412-47d2-96e5-630f9595e1d5', '9383ca00-aa17-4e69-a92d-850d55b4d715', 'eyJhbGciOiJIUzI1NiIsInR5cCI6IkpXVCJ9.eyJ1c2VyX2lkIjoiOTM4M2NhMDAtYWExNy00ZTY5LWE5MmQtODUwZDU1YjRkNzE1IiwiZW1haWwiOiJldHVkNEBnbWFpbC5jb20iLCJyb2xlIjoiZXR1ZGlhbnQiLCJleHAiOjE3NDYzNjQ2NTF9.oUQ_edyWa7B17IZxpOj7XAXjceVkahxtPxbH_C60IIE', '2025-05-04 12:17:31'),
('dc553271-b6f1-4183-a4ef-b86890038ded', '37907743-0ce8-4da3-9fcd-7944f4d6cfd8', 'eyJhbGciOiJIUzI1NiIsInR5cCI6IkpXVCJ9.eyJ1c2VyX2lkIjoiMzc5MDc3NDMtMGNlOC00ZGEzLTlmY2QtNzk0NGY0ZDZjZmQ4IiwiZW1haWwiOiJwcm9mNkBnbWFpbC5jb20iLCJyb2xlIjoiZW5zZWlnbmFudCIsImV4cCI6MTc0NjU1NTEzMn0.8w-gKMVyrkcipe6ovauR2SKvFENRC9m4ZL3PwpcWHGg', '2025-05-06 17:12:12'),
('dc8ce824-b8af-470e-a382-69aee8011653', '37907743-0ce8-4da3-9fcd-7944f4d6cfd8', 'eyJhbGciOiJIUzI1NiIsInR5cCI6IkpXVCJ9.eyJ1c2VyX2lkIjoiMzc5MDc3NDMtMGNlOC00ZGEzLTlmY2QtNzk0NGY0ZDZjZmQ4IiwiZW1haWwiOiJwcm9mNkBnbWFpbC5jb20iLCJyb2xlIjoiZW5zZWlnbmFudCIsImV4cCI6MTc0NjQ4MjQ4NH0.kqliL5yzLB_FeHtpjPNI-oclOXfqIuDIArWxaJb2Fg4', '2025-05-05 21:01:24'),
('df8e9654-d850-495a-b1a7-2fac882f548e', 'a8c7c2de-7437-4cd9-a41d-c046d0345b27', 'eyJhbGciOiJIUzI1NiIsInR5cCI6IkpXVCJ9.eyJ1c2VyX2lkIjoiYThjN2MyZGUtNzQzNy00Y2Q5LWE0MWQtYzA0NmQwMzQ1YjI3IiwiZW1haWwiOiJwcm9mMkBnbWFpbC5jb20iLCJyb2xlIjoiZW5zZWlnbmFudCIsImV4cCI6MTc0NjQzNjg1OH0.QPD9Smwek0sI1tWj82uhZ4ZAeppvN-sggVpYu_CfcBI', '2025-05-05 08:20:58'),
('e0323da1-e6e7-4da1-8e66-62e0e02579f5', '60937559-3c61-48ba-939c-bcc6d2e21e7c', 'eyJhbGciOiJIUzI1NiIsInR5cCI6IkpXVCJ9.eyJ1c2VyX2lkIjoiNjA5Mzc1NTktM2M2MS00OGJhLTkzOWMtYmNjNmQyZTIxZTdjIiwiZW1haWwiOiJwcm9mNEBnbWFpbC5jb20iLCJyb2xlIjoiZW5zZWlnbmFudCIsImV4cCI6MTc0NjQwNTcyNn0.7NghFvHLCGliVDpqbixWsJQlGCSzbtgBPM0Ze-mHuDw', '2025-05-04 23:42:06'),
('e31d51a6-3fd0-4969-86b1-7b15a00fead7', '37907743-0ce8-4da3-9fcd-7944f4d6cfd8', 'eyJhbGciOiJIUzI1NiIsInR5cCI6IkpXVCJ9.eyJ1c2VyX2lkIjoiMzc5MDc3NDMtMGNlOC00ZGEzLTlmY2QtNzk0NGY0ZDZjZmQ4IiwiZW1haWwiOiJwcm9mNkBnbWFpbC5jb20iLCJyb2xlIjoiZW5zZWlnbmFudCIsImV4cCI6MTc0NjQ1NjYyNH0.27rS8c_j_ejseo5erlJwFM0vjweBTRhut493S4_-BAA', '2025-05-05 13:50:24'),
('e31e2ff4-a9d2-484b-8f73-75e1e161f454', '908988bc-fb01-47a6-a723-cad52dd0873d', 'eyJhbGciOiJIUzI1NiIsInR5cCI6IkpXVCJ9.eyJ1c2VyX2lkIjoiOTA4OTg4YmMtZmIwMS00N2E2LWE3MjMtY2FkNTJkZDA4NzNkIiwiZW1haWwiOiJnZ2dAZ21haWwuY29tIiwicm9sZSI6ImVuc2VpZ25hbnQiLCJleHAiOjE3NDYxODQ4OTZ9.-ppKwOiGoL8aZ2tfUfDe36A9VBId1mYp1EyDO7W66vk', '2025-05-02 10:21:36'),
('e3e9e03e-2464-49f2-9eb1-3046874a75d9', 'eb8f5651-59ba-43b2-a9bb-8b8aa8732db4', 'eyJhbGciOiJIUzI1NiIsInR5cCI6IkpXVCJ9.eyJ1c2VyX2lkIjoiZWI4ZjU2NTEtNTliYS00M2IyLWE5YmItOGI4YWE4NzMyZGI0IiwiZW1haWwiOiJicmFoaW1AZ21haWwuY29tIiwicm9sZSI6ImV0dWRpYW50IiwiZXhwIjoxNzQ2MzU2MDQ1fQ.Hkl6dq4awASuA4P2DY9EZBSMqS5ynJaKT73xr90s-3U', '2025-05-04 09:54:05'),
('e73592d5-b083-4557-9d66-3887f895f408', 'ae64d706-ee50-4c8e-828b-f56c87e99e1a', 'eyJhbGciOiJIUzI1NiIsInR5cCI6IkpXVCJ9.eyJ1c2VyX2lkIjoiYWU2NGQ3MDYtZWU1MC00YzhlLTgyOGItZjU2Yzg3ZTk5ZTFhIiwiZW1haWwiOiJldHVkMUBnbWFpbC5jb20iLCJyb2xlIjoiZXR1ZGlhbnQiLCJleHAiOjE3NDY0NDE4OTZ9.VWy-PImjJiFyUikHXOxayRiZwqCSTjFL8BnDB48sWnU', '2025-05-05 09:44:56'),
('e7844a89-0cfe-42a3-8a92-efe294f72ce8', '5e1d50bf-dec1-4cfc-8229-b6d825606ef7', 'eyJhbGciOiJIUzI1NiIsInR5cCI6IkpXVCJ9.eyJ1c2VyX2lkIjoiNWUxZDUwYmYtZGVjMS00Y2ZjLTgyMjktYjZkODI1NjA2ZWY3IiwiZW1haWwiOiJiYmJAZ21haWwuY29tIiwicm9sZSI6ImFkbWluaXN0cmF0ZXVyIiwiZXhwIjoxNzQ2NjMxNTQ0fQ.U89ugZ1YwivcNswVBb9AxIZ5jXMSiuX_35VF9hZ6YkI', '2025-05-07 14:25:44'),
('e922d8f7-82ed-4bd0-b8ed-1538bc4920d0', 'e3009dc8-f832-47b7-b277-c65c008e8c59', 'eyJhbGciOiJIUzI1NiIsInR5cCI6IkpXVCJ9.eyJ1c2VyX2lkIjoiZTMwMDlkYzgtZjgzMi00N2I3LWIyNzctYzY1YzAwOGU4YzU5IiwiZW1haWwiOiJldHVkNkBnbWFpbC5jb20iLCJyb2xlIjoiZXR1ZGlhbnQiLCJleHAiOjE3NDY0OTEzNzd9.Zd_UcVZXXwB6D5sLb76swxbAyrNppVXgSDMRlhFZERA', '2025-05-05 23:29:37'),
('e94315c1-d6fd-4270-acb5-d4a3fcc3ee9d', '6b0f472f-5f6c-400b-acb5-aeac4a24862a', 'eyJhbGciOiJIUzI1NiIsInR5cCI6IkpXVCJ9.eyJ1c2VyX2lkIjoiNmIwZjQ3MmYtNWY2Yy00MDBiLWFjYjUtYWVhYzRhMjQ4NjJhIiwiZW1haWwiOiJwcm9mMUBnbWFpbC5jb20iLCJyb2xlIjoiZW5zZWlnbmFudCIsImV4cCI6MTc0NjM2NjQzOX0.CNm1E8NRAd_3FNm2pvh2sd1GpcuVdsQyiSrwA_-yO5s', '2025-05-04 12:47:19'),
('eae7a7f6-ffb9-4745-a001-653d1b44d7a0', '72214877-6131-4490-a33f-fc7367685d9f', 'eyJhbGciOiJIUzI1NiIsInR5cCI6IkpXVCJ9.eyJ1c2VyX2lkIjoiNzIyMTQ4NzctNjEzMS00NDkwLWEzM2YtZmM3MzY3Njg1ZDlmIiwiZW1haWwiOiJwcm9mM0BnbWFpbC5jb20iLCJyb2xlIjoiZW5zZWlnbmFudCIsImV4cCI6MTc0NjQwMDYzNn0.zYbMa2cWORbEs9odmNA-jRvjNFqlEvmgd89KLgWAkgY', '2025-05-04 22:17:17'),
('ec376cf2-64d9-4020-a10f-7f94c6f074eb', 'ae64d706-ee50-4c8e-828b-f56c87e99e1a', 'eyJhbGciOiJIUzI1NiIsInR5cCI6IkpXVCJ9.eyJ1c2VyX2lkIjoiYWU2NGQ3MDYtZWU1MC00YzhlLTgyOGItZjU2Yzg3ZTk5ZTFhIiwiZW1haWwiOiJldHVkMUBnbWFpbC5jb20iLCJyb2xlIjoiZXR1ZGlhbnQiLCJleHAiOjE3NDY1NDU4Njl9.to7h81Mhp95FY5-DAvH5CKSBv4GNPBJgLuYMvec5XhU', '2025-05-06 14:37:49'),
('ecb50990-0948-40f5-b474-1661c80d24c2', '37907743-0ce8-4da3-9fcd-7944f4d6cfd8', 'eyJhbGciOiJIUzI1NiIsInR5cCI6IkpXVCJ9.eyJ1c2VyX2lkIjoiMzc5MDc3NDMtMGNlOC00ZGEzLTlmY2QtNzk0NGY0ZDZjZmQ4IiwiZW1haWwiOiJwcm9mNkBnbWFpbC5jb20iLCJyb2xlIjoiZW5zZWlnbmFudCIsImV4cCI6MTc0NjQ4MTIyM30.VGLrzdIgijqyxF3ZB871meefBpyZa6hz_2WBEcEhrF0', '2025-05-05 20:40:23'),
('ee6b3980-0bba-4426-8d92-50aa435132fc', 'ae64d706-ee50-4c8e-828b-f56c87e99e1a', 'eyJhbGciOiJIUzI1NiIsInR5cCI6IkpXVCJ9.eyJ1c2VyX2lkIjoiYWU2NGQ3MDYtZWU1MC00YzhlLTgyOGItZjU2Yzg3ZTk5ZTFhIiwiZW1haWwiOiJldHVkMUBnbWFpbC5jb20iLCJyb2xlIjoiZXR1ZGlhbnQiLCJleHAiOjE3NDYzNjE5NjZ9.Bq5muEUl-O_yJE5MhGFXNvfZix6N3C_ilNttmaTmhXU', '2025-05-04 11:32:46'),
('eec1f79b-79cd-49b1-8bfa-f0d8bbef6b1a', 'e3009dc8-f832-47b7-b277-c65c008e8c59', 'eyJhbGciOiJIUzI1NiIsInR5cCI6IkpXVCJ9.eyJ1c2VyX2lkIjoiZTMwMDlkYzgtZjgzMi00N2I3LWIyNzctYzY1YzAwOGU4YzU5IiwiZW1haWwiOiJldHVkNkBnbWFpbC5jb20iLCJyb2xlIjoiZXR1ZGlhbnQiLCJleHAiOjE3NDY0NTQ0Mzl9.htShdJZD0ku5b9i3waZ9N5K336-J0IKx2fNpQ8PmoJg', '2025-05-05 13:13:59'),
('ef055a25-0136-4c5e-8c4d-1d23bb065801', '37907743-0ce8-4da3-9fcd-7944f4d6cfd8', 'eyJhbGciOiJIUzI1NiIsInR5cCI6IkpXVCJ9.eyJ1c2VyX2lkIjoiMzc5MDc3NDMtMGNlOC00ZGEzLTlmY2QtNzk0NGY0ZDZjZmQ4IiwiZW1haWwiOiJwcm9mNkBnbWFpbC5jb20iLCJyb2xlIjoiZW5zZWlnbmFudCIsImV4cCI6MTc0NjQ5NTI5M30.2VB-ULCjy5-PqcdKr8JgzAS2ZxOxxZfk4vu0Dck_IQ0', '2025-05-06 00:34:53'),
('efe862d1-b062-4d88-a137-1218835029f5', '6b0f472f-5f6c-400b-acb5-aeac4a24862a', 'eyJhbGciOiJIUzI1NiIsInR5cCI6IkpXVCJ9.eyJ1c2VyX2lkIjoiNmIwZjQ3MmYtNWY2Yy00MDBiLWFjYjUtYWVhYzRhMjQ4NjJhIiwiZW1haWwiOiJwcm9mMUBnbWFpbC5jb20iLCJyb2xlIjoiZW5zZWlnbmFudCIsImV4cCI6MTc0NjM2MjQzOX0.8Npik_tV9XIg8DY6EheCHy9pRztDZMGXRiacTm_X_UA', '2025-05-04 11:40:39'),
('f04bf270-9f94-4f27-a27d-95ab2ffa69aa', '72214877-6131-4490-a33f-fc7367685d9f', 'eyJhbGciOiJIUzI1NiIsInR5cCI6IkpXVCJ9.eyJ1c2VyX2lkIjoiNzIyMTQ4NzctNjEzMS00NDkwLWEzM2YtZmM3MzY3Njg1ZDlmIiwiZW1haWwiOiJwcm9mM0BnbWFpbC5jb20iLCJyb2xlIjoiZW5zZWlnbmFudCIsImV4cCI6MTc0NjQ0MzkxOX0.HCftCeoecJbt5kXDKRnBRaoRYPpTAu7AYOcRuKQaPk4', '2025-05-05 10:18:39'),
('f0db3d74-4d0a-4b25-8cd3-18aece3689f0', '908988bc-fb01-47a6-a723-cad52dd0873d', 'eyJhbGciOiJIUzI1NiIsInR5cCI6IkpXVCJ9.eyJ1c2VyX2lkIjoiOTA4OTg4YmMtZmIwMS00N2E2LWE3MjMtY2FkNTJkZDA4NzNkIiwiZW1haWwiOiJnZ2dAZ21haWwuY29tIiwicm9sZSI6ImVuc2VpZ25hbnQiLCJleHAiOjE3NDYxMDI4OTN9.pDotxmYiFUxmr3Zo0h0b53GMBliFO6s9dHJV3k6894c', '2025-05-01 11:34:54'),
('f2f7a1a2-9673-4336-948d-6a4579caec50', 'e3009dc8-f832-47b7-b277-c65c008e8c59', 'eyJhbGciOiJIUzI1NiIsInR5cCI6IkpXVCJ9.eyJ1c2VyX2lkIjoiZTMwMDlkYzgtZjgzMi00N2I3LWIyNzctYzY1YzAwOGU4YzU5IiwiZW1haWwiOiJldHVkNkBnbWFpbC5jb20iLCJyb2xlIjoiZXR1ZGlhbnQiLCJleHAiOjE3NDY0NjI5OTh9.Ikd9RMookRvb1CR_r274Xc0MH6J1Us_5NWvfpQTpCsg', '2025-05-05 15:36:38'),
('f40a258b-1de8-486a-aff9-64230a41f396', '9383ca00-aa17-4e69-a92d-850d55b4d715', 'eyJhbGciOiJIUzI1NiIsInR5cCI6IkpXVCJ9.eyJ1c2VyX2lkIjoiOTM4M2NhMDAtYWExNy00ZTY5LWE5MmQtODUwZDU1YjRkNzE1IiwiZW1haWwiOiJldHVkNEBnbWFpbC5jb20iLCJyb2xlIjoiZXR1ZGlhbnQiLCJleHAiOjE3NDY1NTUwNTd9.VZ-WPuuk5WH4GWE2j1zYprytUknMrgMdP0cU9vTStR4', '2025-05-06 17:10:57'),
('f46cfeed-79dd-499f-beb7-7418be71aaf9', 'eb8f5651-59ba-43b2-a9bb-8b8aa8732db4', 'eyJhbGciOiJIUzI1NiIsInR5cCI6IkpXVCJ9.eyJ1c2VyX2lkIjoiZWI4ZjU2NTEtNTliYS00M2IyLWE5YmItOGI4YWE4NzMyZGI0IiwiZW1haWwiOiJicmFoaW1AZ21haWwuY29tIiwicm9sZSI6ImV0dWRpYW50IiwiZXhwIjoxNzQ2MzU1OTc1fQ.sgxcxW7mZmBdwHY9z8B9tVckqUmBCMd9x6ZBAJtrurE', '2025-05-04 09:52:55'),
('f47db844-3ea4-440f-9d7c-dbdaa0095230', '908988bc-fb01-47a6-a723-cad52dd0873d', 'eyJhbGciOiJIUzI1NiIsInR5cCI6IkpXVCJ9.eyJ1c2VyX2lkIjoiOTA4OTg4YmMtZmIwMS00N2E2LWE3MjMtY2FkNTJkZDA4NzNkIiwiZW1haWwiOiJnZ2dAZ21haWwuY29tIiwicm9sZSI6ImVuc2VpZ25hbnQiLCJleHAiOjE3NDYwOTg5NTl9.5T3iNoW70uEjV-wSjT-vHBt1QGQkIlmYWvmxpH_rGL0', '2025-05-01 10:29:19'),
('f5306000-b9a5-40f0-8579-7915db95b7c8', '37907743-0ce8-4da3-9fcd-7944f4d6cfd8', 'eyJhbGciOiJIUzI1NiIsInR5cCI6IkpXVCJ9.eyJ1c2VyX2lkIjoiMzc5MDc3NDMtMGNlOC00ZGEzLTlmY2QtNzk0NGY0ZDZjZmQ4IiwiZW1haWwiOiJwcm9mNkBnbWFpbC5jb20iLCJyb2xlIjoiZW5zZWlnbmFudCIsImV4cCI6MTc0NjQ0NjU1Nn0.oGivLLUo7EB7QU1qRGmxiVvdS0IzQvc3pvZCfC8tf1Y', '2025-05-05 11:02:36'),
('f568b4ca-0aca-4780-af51-11dfb29df18b', 'e3009dc8-f832-47b7-b277-c65c008e8c59', 'eyJhbGciOiJIUzI1NiIsInR5cCI6IkpXVCJ9.eyJ1c2VyX2lkIjoiZTMwMDlkYzgtZjgzMi00N2I3LWIyNzctYzY1YzAwOGU4YzU5IiwiZW1haWwiOiJldHVkNkBnbWFpbC5jb20iLCJyb2xlIjoiZXR1ZGlhbnQiLCJleHAiOjE3NDY0NDkyMTd9.bIL7MJbPyWMSDQuUaiDOpdZi0abQ8lG6oRv0k95aly8', '2025-05-05 11:46:57'),
('f5789d75-5898-480a-9b9c-4dffc8fb88ed', '04a8443e-48ec-40b3-8921-87e4ef50fb7e', 'eyJhbGciOiJIUzI1NiIsInR5cCI6IkpXVCJ9.eyJ1c2VyX2lkIjoiMDRhODQ0M2UtNDhlYy00MGIzLTg5MjEtODdlNGVmNTBmYjdlIiwiZW1haWwiOiJldHVkM0BnbWFpbC5jb20iLCJyb2xlIjoiZXR1ZGlhbnQiLCJleHAiOjE3NDY0NDE4MTB9.VvHuujNadHVgBgb2yNa2dFDWtOSsKOnsHrOYCXfCZL4', '2025-05-05 09:43:30'),
('f6ae0bd0-ad3e-43ec-9bc9-848c20bbaaa9', '6b0f472f-5f6c-400b-acb5-aeac4a24862a', 'eyJhbGciOiJIUzI1NiIsInR5cCI6IkpXVCJ9.eyJ1c2VyX2lkIjoiNmIwZjQ3MmYtNWY2Yy00MDBiLWFjYjUtYWVhYzRhMjQ4NjJhIiwiZW1haWwiOiJwcm9mMUBnbWFpbC5jb20iLCJyb2xlIjoiZW5zZWlnbmFudCIsImV4cCI6MTc0NjQ0NTg1M30.HTuqrDPsFCLCS43Mr_fzWgi3BvtDNDNwG-3HNLZ5Dsk', '2025-05-05 10:50:53'),
('f7d245b7-3b01-4c8d-8557-ad2b66d47c89', '37907743-0ce8-4da3-9fcd-7944f4d6cfd8', 'eyJhbGciOiJIUzI1NiIsInR5cCI6IkpXVCJ9.eyJ1c2VyX2lkIjoiMzc5MDc3NDMtMGNlOC00ZGEzLTlmY2QtNzk0NGY0ZDZjZmQ4IiwiZW1haWwiOiJwcm9mNkBnbWFpbC5jb20iLCJyb2xlIjoiZW5zZWlnbmFudCIsImV4cCI6MTc0NjUxMzQwNX0.CQcBb69-U7HsIfWsoeovZgsYftFiiGcISft0evqIrDU', '2025-05-06 05:36:45'),
('f97ff0c3-79df-4bf6-8b10-509a303fd4f0', '5e1d50bf-dec1-4cfc-8229-b6d825606ef7', 'eyJhbGciOiJIUzI1NiIsInR5cCI6IkpXVCJ9.eyJ1c2VyX2lkIjoiNWUxZDUwYmYtZGVjMS00Y2ZjLTgyMjktYjZkODI1NjA2ZWY3IiwiZW1haWwiOiJiYmJAZ21haWwuY29tIiwicm9sZSI6ImFkbWluaXN0cmF0ZXVyIiwiZXhwIjoxNzQ2NTQ2OTY2fQ.fzdgHqRbxrKtyfMl9AnskfTApn88DbddOLVzkL3bayY', '2025-05-06 14:56:06'),
('f9d2a724-01ba-4458-88be-d1721982c778', 'ae64d706-ee50-4c8e-828b-f56c87e99e1a', 'eyJhbGciOiJIUzI1NiIsInR5cCI6IkpXVCJ9.eyJ1c2VyX2lkIjoiYWU2NGQ3MDYtZWU1MC00YzhlLTgyOGItZjU2Yzg3ZTk5ZTFhIiwiZW1haWwiOiJldHVkMUBnbWFpbC5jb20iLCJyb2xlIjoiZXR1ZGlhbnQiLCJleHAiOjE3NDY1NjI5MDl9.uKKzr17X7sdsxP5Etx3hmKqRoZ_bqoHlxaUvM7S5BmA', '2025-05-06 19:21:49'),
('faf0073c-4d7e-4f52-9980-6306f1b2ae3e', 'ae64d706-ee50-4c8e-828b-f56c87e99e1a', 'eyJhbGciOiJIUzI1NiIsInR5cCI6IkpXVCJ9.eyJ1c2VyX2lkIjoiYWU2NGQ3MDYtZWU1MC00YzhlLTgyOGItZjU2Yzg3ZTk5ZTFhIiwiZW1haWwiOiJldHVkMUBnbWFpbC5jb20iLCJyb2xlIjoiZXR1ZGlhbnQiLCJleHAiOjE3NDY2MzgwMjV9.qshR1Yiwt85t2HT-rads-lhLCUPUhE2T8Fp8vBWTALY', '2025-05-07 16:13:46'),
('fde0f1e1-d4ac-4654-a1bd-462e4e700542', '5e1d50bf-dec1-4cfc-8229-b6d825606ef7', 'eyJhbGciOiJIUzI1NiIsInR5cCI6IkpXVCJ9.eyJ1c2VyX2lkIjoiNWUxZDUwYmYtZGVjMS00Y2ZjLTgyMjktYjZkODI1NjA2ZWY3IiwiZW1haWwiOiJiYmJAZ21haWwuY29tIiwicm9sZSI6ImFkbWluaXN0cmF0ZXVyIiwiZXhwIjoxNzQ2MjkzNTQxfQ.CgUdlH_HrPB3RILxv-tO8T3DKwuv7Wj3hDHfOtuM1Fo', '2025-05-03 16:32:21'),
('fee740f9-9213-43b2-afab-c0313d29ae3c', 'e3009dc8-f832-47b7-b277-c65c008e8c59', 'eyJhbGciOiJIUzI1NiIsInR5cCI6IkpXVCJ9.eyJ1c2VyX2lkIjoiZTMwMDlkYzgtZjgzMi00N2I3LWIyNzctYzY1YzAwOGU4YzU5IiwiZW1haWwiOiJldHVkNkBnbWFpbC5jb20iLCJyb2xlIjoiZXR1ZGlhbnQiLCJleHAiOjE3NDY0NDg3NDl9.ugRL7SfXdwj1QOJFdh-b-rgsxUrIHPpqGoYsR_DHRsI', '2025-05-05 11:39:09');

-- --------------------------------------------------------

--
-- Table structure for table `calendrier`
--

CREATE TABLE `calendrier` (
  `id` char(36) NOT NULL,
  `utilisateur_id` char(36) NOT NULL,
  `horaire` longtext CHARACTER SET utf8mb4 COLLATE utf8mb4_bin DEFAULT NULL CHECK (json_valid(`horaire`)),
  `type` varchar(20) DEFAULT NULL
) ENGINE=InnoDB DEFAULT CHARSET=utf8mb4 COLLATE=utf8mb4_general_ci;

-- --------------------------------------------------------

--
-- Table structure for table `chatbot_log`
--

CREATE TABLE `chatbot_log` (
  `id` char(36) NOT NULL,
  `utilisateur_id` char(36) DEFAULT NULL,
  `question` text NOT NULL,
  `reponse` text DEFAULT NULL,
  `date_interaction` timestamp NOT NULL DEFAULT current_timestamp()
) ENGINE=InnoDB DEFAULT CHARSET=utf8mb4 COLLATE=utf8mb4_general_ci;

-- --------------------------------------------------------

--
-- Table structure for table `cours`
--

CREATE TABLE `cours` (
  `id` int(11) NOT NULL,
  `titre` varchar(255) NOT NULL,
  `date_creation` datetime DEFAULT current_timestamp(),
  `enseignant_id` int(11) NOT NULL,
  `filiere_id` int(11) NOT NULL,
  `matiere_id` int(11) DEFAULT NULL,
  `fichier` varchar(200) NOT NULL,
  `groupe_id` int(11) DEFAULT NULL
) ENGINE=InnoDB DEFAULT CHARSET=utf8mb4 COLLATE=utf8mb4_general_ci;

--
-- Dumping data for table `cours`
--

INSERT INTO `cours` (`id`, `titre`, `date_creation`, `enseignant_id`, `filiere_id`, `matiere_id`, `fichier`, `groupe_id`) VALUES
(3, 'zef', '2025-05-10 07:47:26', 13, 2, 1, 'Black_Blue_Neon_Creative_Graphic_Designer_Resume.pdf', NULL),
(5, 'ihi', '2025-05-10 10:57:38', 13, 2, 1, 'b154056a6ab54f5e982fbe0c6a070ddf_Untitled_3.pdf', NULL),
(6, 'ihi', '2025-05-10 10:59:19', 13, 3, 3, 'Black_Blue_Neon_Creative_Graphic_Designer_Resume_1.pdf', NULL),
(7, 'ihiezd', '2025-05-10 11:08:42', 13, 4, 4, 'Culture_de_Maroc.pdf', NULL),
(8, 'cours', '2025-05-10 11:17:38', 13, 2, 1, 'Colore_Document_Stickers_Joyeux_Halloween_Illustratif-5.pdf', NULL),
(9, 'cours', '2025-05-10 11:20:30', 13, 2, 1, 'Colore_Document_Stickers_Joyeux_Halloween_Illustratif-5.pdf', NULL),
(10, 'coursh', '2025-05-10 11:20:58', 13, 3, 3, 'Colore_Document_Stickers_Joyeux_Halloween_Illustratif-5.pdf', NULL),
(11, 'coursh', '2025-05-10 11:21:42', 13, 3, 3, 'Auto-sauvegarde_des_donnees_dun_formulaire_avec_useEffect_.docx', NULL),
(12, 'coursh', '2025-05-10 11:23:13', 13, 3, 3, 'Auto-sauvegarde_des_donnees_dun_formulaire_avec_useEffect_.docx', NULL),
(13, 'coursh', '2025-05-10 11:27:41', 13, 3, 3, 'Auto-sauvegarde_des_donnees_dun_formulaire_avec_useEffect_.docx', NULL),
(14, 'hkk', '2025-05-10 11:30:34', 13, 2, 1, 'Colore_Document_Stickers_Joyeux_Halloween_Illustratif-2.pdf', NULL),
(15, 'hkk', '2025-05-10 11:35:20', 13, 2, 1, 'Colore_Document_Stickers_Joyeux_Halloween_Illustratif-2.pdf', NULL),
(16, 'gh', '2025-05-10 11:40:55', 13, 2, 1, 'Approche_agile_resume_finale_1.pdf', NULL),
(17, 'gh', '2025-05-10 11:42:45', 13, 2, 1, 'Approche_agile_resume_finale_1.pdf', NULL),
(18, 'gh', '2025-05-10 11:43:54', 13, 2, 1, 'Approche_agile_resume_finale_1.pdf', NULL),
(19, 'vf', '2025-05-10 11:52:30', 13, 2, 1, 'Approche_agile_resume_finale_1.pdf', NULL),
(20, 'vbc', '2025-05-10 12:14:58', 13, 2, 1, 'image64-removebg-preview.png', NULL),
(21, 'vbc', '2025-05-10 12:17:21', 13, 2, 1, 'image64-removebg-preview.png', NULL),
(22, 'vv', '2025-05-10 12:19:10', 13, 2, 1, 'Auto-sauvegarde_des_donnees_dun_formulaire_avec_useEffect_.docx', NULL),
(23, 'vv', '2025-05-10 12:21:07', 13, 2, 1, 'Auto-sauvegarde_des_donnees_dun_formulaire_avec_useEffect_.docx', NULL),
(24, 'vv', '2025-05-10 12:22:17', 13, 2, 1, 'Auto-sauvegarde_des_donnees_dun_formulaire_avec_useEffect_.docx', NULL),
(25, 'vv', '2025-05-10 12:29:37', 13, 2, 1, 'Auto-sauvegarde_des_donnees_dun_formulaire_avec_useEffect_.docx', NULL),
(26, 'hj', '2025-05-10 12:32:24', 13, 2, 3, 'Design_sans_titre.pdf', NULL),
(27, 'hj', '2025-05-10 13:30:24', 13, 2, 3, 'Design_sans_titre.pdf', NULL),
(28, 'hj', '2025-05-10 13:30:54', 13, 2, 3, 'Design_sans_titre.pdf', NULL),
(29, 'hj', '2025-05-10 13:40:55', 13, 2, 3, 'cmc-maroc.png', NULL),
(30, 'dd', '2025-05-10 14:04:32', 21, 3, 1, 'Crud-Redux_240626_233014_1.pdf', NULL),
(31, 'cour', '2025-05-10 14:32:19', 25, 2, 1, 'cv.pdf', NULL),
(33, 'cours java', '2025-05-10 17:39:52', 25, 2, 1, 'DEVOWFS206.pdf', NULL),
(35, 'courr sql', '2025-05-10 20:04:49', 21, 2, 3, 'b154056a6ab54f5e982fbe0c6a070ddf_Untitled_3.pdf', NULL),
(37, 'dd', '2025-05-11 00:01:47', 25, 3, 3, 'bienvenue_sur_platform.png', NULL),
(38, 'cour', '2025-05-11 10:32:14', 25, 3, 1, 'Colore_Document_Stickers_Joyeux_Halloween_Illustratif-3.pdf', NULL),
(40, 'cour', '2025-05-11 11:15:38', 25, 2, 3, 'document.pdf', NULL),
(41, 'cc', '2025-05-11 15:16:53', 25, 2, 1, 'application.pdf', NULL),
(43, 'cour', '2025-05-11 15:26:05', 25, 4, 3, 'Crud-Redux_240626_233014_1.pdf', NULL),
(46, 'cour', '2025-05-11 17:16:46', 25, 3, 1, 'Colore_Document_Stickers_Joyeux_Halloween_Illustratif-5.pdf', NULL),
(48, 'cour1', '2025-05-11 17:34:37', 25, 2, 3, 'form.docx', NULL),
(49, 'cour2', '2025-05-11 17:39:57', 25, 2, 1, 'document-3.pdf', NULL),
(50, 'cor', '2025-05-11 20:43:27', 25, 3, 1, 'Guide_dUtilisation_du_Projet_CMCFoot_Plateforme_de_Reservation_de_Terrains_de_Football.docx', NULL),
(53, 'off', '2025-05-11 21:22:45', 25, 2, 3, 'IBNTOFIAL.png', NULL),
(54, 'vrtrtg', '2025-05-11 21:26:18', 25, 2, 3, 'WhatsApp_Image_2024-11-05_at_09.19.04.jpeg', NULL),
(55, 'tir', '2025-05-11 21:46:29', 25, 3, 3, 'image16-removebg-preview.png', NULL),
(56, 'titre', '2025-05-11 22:47:26', 25, 3, 3, 'image34-removebg-preview.png', NULL),
(57, 'cour', '2025-05-13 21:49:57', 29, 2, 3, 'image4-removebg-preview.png', NULL),
(58, 'eded', '2025-05-13 21:53:17', 29, 2, 4, 'image24-removebg-preview.png', NULL),
(59, 'cour', '2025-05-13 21:56:25', 29, 2, 3, 'image14-removebg-preview.png', NULL),
(60, 'coourr', '2025-05-18 22:52:41', 25, 2, 1, 'Auto-sauvegarde_des_donnees_dun_formulaire_avec_useEffect_.docx', NULL);

-- --------------------------------------------------------

--
-- Table structure for table `cours_groupes`
--

CREATE TABLE `cours_groupes` (
  `cours_id` int(11) NOT NULL,
  `groupe_id` int(11) NOT NULL,
  `id` int(11) DEFAULT NULL
) ENGINE=InnoDB DEFAULT CHARSET=utf8mb4 COLLATE=utf8mb4_general_ci;

--
-- Dumping data for table `cours_groupes`
--

INSERT INTO `cours_groupes` (`cours_id`, `groupe_id`, `id`) VALUES
(3, 1, NULL),
(3, 3, NULL),
(5, 2, NULL),
(6, 4, NULL),
(7, 6, NULL),
(8, 1, NULL),
(8, 2, NULL),
(25, 2, NULL),
(26, 1, NULL),
(27, 1, NULL),
(28, 1, NULL),
(28, 2, NULL),
(28, 3, NULL),
(28, 4, NULL),
(29, 3, NULL),
(29, 4, NULL),
(30, 1, NULL),
(31, 1, NULL),
(33, 1, NULL),
(33, 2, NULL),
(33, 6, NULL),
(35, 1, NULL),
(37, 1, NULL),
(37, 2, NULL),
(40, 1, NULL),
(41, 1, NULL),
(43, 4, NULL),
(46, 2, NULL),
(48, 1, NULL),
(49, 5, NULL),
(50, 1, NULL),
(50, 2, NULL),
(53, 2, NULL),
(54, 3, NULL),
(54, 4, NULL);

-- --------------------------------------------------------

--
-- Table structure for table `devoir`
--

CREATE TABLE `devoir` (
  `id` varchar(36) NOT NULL,
  `titre` varchar(255) NOT NULL,
  `date_limite` datetime NOT NULL,
  `etudiant_id` varchar(36) NOT NULL,
  `enseignant_id` varchar(36) NOT NULL,
  `note` float DEFAULT NULL
) ENGINE=InnoDB DEFAULT CHARSET=utf8mb4 COLLATE=utf8mb4_general_ci;

-- --------------------------------------------------------

--
-- Table structure for table `devoirs`
--

CREATE TABLE `devoirs` (
  `id` int(11) NOT NULL,
  `titre` varchar(255) NOT NULL,
  `description` text DEFAULT NULL,
  `fichier` varchar(255) DEFAULT NULL,
  `date_limite` datetime NOT NULL,
  `date_creation` datetime DEFAULT current_timestamp(),
  `enseignant_id` int(11) NOT NULL,
  `groupe_id` int(11) NOT NULL,
  `note` decimal(5,2) DEFAULT NULL
) ENGINE=InnoDB DEFAULT CHARSET=utf8mb4 COLLATE=utf8mb4_general_ci;

--
-- Dumping data for table `devoirs`
--

INSERT INTO `devoirs` (`id`, `titre`, `description`, `fichier`, `date_limite`, `date_creation`, `enseignant_id`, `groupe_id`, `note`) VALUES
(4, 'devoire', 'devoire', '/Users/abdessamad/Desktop/projet_ent/backend/devoires-service/app/uploads/devoirs/b154056a6ab54f5e982fbe0c6a070ddf_Untitled_3.pdf', '2025-05-16 00:00:00', '2025-05-13 11:06:17', 25, 2, NULL),
(10, 'hdchcd', 'dcdc', '/Users/abdessamad/Desktop/projet_ent/backend/devoires-service/app/uploads/devoirs/document.pdf', '2025-05-16 00:00:00', '2025-05-15 08:15:24', 21, 6, NULL),
(11, 'devoire', 'devoire', '/Users/abdessamad/Desktop/projet_ent/backend/devoires-service/app/uploads/devoirs/Colore_Document_Stickers_Joyeux_Halloween_Illustratif.pdf', '2025-05-24 00:00:00', '2025-05-15 09:14:13', 25, 1, NULL),
(12, 'in102', '2222', '/Users/abdessamad/Desktop/projet_ent/backend/devoires-service/app/uploads/devoirs/Guide_dUtilisation_du_Projet_CMCFoot_Plateforme_de_Reservation_de_Terrains_de_Football-2.docx', '2025-05-25 00:00:00', '2025-05-15 09:19:49', 25, 4, NULL),
(18, 'devoire', 'devoire', '/Users/abdessamad/Desktop/projet_ent/backend/devoires-service/app/uploads/devoirs/COURS_M201_PARTIE2.pdf', '2025-05-17 00:00:00', '2025-05-16 10:00:21', 25, 2, NULL),
(19, 'DEEBB', 'DEEBB', '/Users/abdessamad/Desktop/projet_ent/backend/devoires-service/app/uploads/devoirs/Capture_decran_1446-05-01_a_22.58.04.pdf', '2025-05-25 00:00:00', '2025-05-16 10:02:40', 25, 1, NULL),
(20, 'sdv', 'sdv', '/Users/abdessamad/Desktop/projet_ent/backend/devoires-service/app/uploads/devoirs/Approche_agile_resume_finale.pdf', '2025-05-24 00:00:00', '2025-05-16 11:45:32', 25, 1, NULL),
(21, 'devoire', 'devore', '/Users/abdessamad/Desktop/projet_ent/backend/devoires-service/app/uploads/devoirs/Exercice_Tests_unitaires_pour_un_composant_de_formulaire_Re.docx', '2025-05-16 00:00:00', '2025-05-16 17:43:36', 25, 1, NULL),
(22, 'ed', 'de', '/Users/abdessamad/Desktop/projet_ent/backend/devoires-service/app/uploads/devoirs/Colore_Document_Stickers_Joyeux_Halloween_Illustratif-3.pdf', '2025-05-18 00:00:00', '2025-05-16 17:49:29', 25, 1, NULL),
(23, 'and', 'and', '/Users/abdessamad/Desktop/projet_ent/backend/devoires-service/app/uploads/devoirs/Black_Blue_Neon_Creative_Graphic_Designer_Resume_1.pdf', '2025-05-25 00:00:00', '2025-05-16 18:11:57', 25, 1, NULL),
(24, 'devoire', 'devoire', '/Users/abdessamad/Desktop/projet_ent/backend/devoires-service/app/uploads/devoirs/Approche_agile_resume_finale_1.pdf', '2025-05-18 00:00:00', '2025-05-16 18:16:51', 25, 1, NULL),
(26, 'devoiiii', 'dvoiiii', '/Users/abdessamad/Desktop/projet_ent/backend/devoires-service/app/uploads/devoirs/Colore_Document_Stickers_Joyeux_Halloween_Illustratif-4.pdf', '2025-05-25 20:08:00', '2025-05-16 19:08:21', 25, 1, NULL),
(27, 'devoire', 'devoire', '/Users/abdessamad/Desktop/projet_ent/backend/devoires-service/app/uploads/devoirs/Colore_Document_Stickers_Joyeux_Halloween_Illustratif-2.pdf', '2025-05-25 07:10:00', '2025-05-17 06:11:35', 25, 1, NULL),
(28, 'dvoire2', 'devoire', '/Users/abdessamad/Desktop/projet_ent/backend/devoires-service/app/uploads/devoirs/cahier_de_charge_hopetal.pdf', '2025-05-18 07:25:00', '2025-05-17 06:25:47', 25, 1, NULL),
(29, 'depo', 'deep', '/Users/abdessamad/Desktop/projet_ent/backend/devoires-service/app/uploads/devoirs/Culture_de_Maroc.pdf', '2025-05-06 08:25:00', '2025-05-17 07:25:51', 25, 1, NULL),
(32, 'devoire sql', 'devoire sql', '/Users/abdessamad/Desktop/projet_ent/backend/devoires-service/app/uploads/devoirs/cahier_de_charge_hopetal.pdf', '2025-05-18 17:52:00', '2025-05-17 14:53:16', 25, 1, NULL),
(33, 'devoireM102', 'devoireM102', '/Users/abdessamad/Desktop/projet_ent/backend/devoires-service/app/uploads/devoirs/Colore_Document_Stickers_Joyeux_Halloween_Illustratif-5.pdf', '2025-05-25 02:36:00', '2025-05-17 15:37:20', 25, 2, NULL),
(34, 'cccc', 'cccc', '/Users/abdessamad/Desktop/projet_ent/backend/devoires-service/app/uploads/devoirs/application.pdf', '2025-05-18 23:50:00', '2025-05-18 20:51:24', 25, 1, NULL);

-- --------------------------------------------------------

--
-- Table structure for table `discussion_bot`
--

CREATE TABLE `discussion_bot` (
  `id` int(11) NOT NULL,
  `utilisateur_id` int(11) DEFAULT NULL,
  `message_utilisateur` text NOT NULL,
  `reponse_bot` text NOT NULL,
  `date_creation` datetime DEFAULT current_timestamp()
) ENGINE=InnoDB DEFAULT CHARSET=utf8mb4 COLLATE=utf8mb4_general_ci;

--
-- Dumping data for table `discussion_bot`
--

INSERT INTO `discussion_bot` (`id`, `utilisateur_id`, `message_utilisateur`, `reponse_bot`, `date_creation`) VALUES
(1, NULL, 'hi', 'Hi! It\'s nice to meet you. Is there something I can help you with, or would you like to chat?', '2025-05-19 18:38:03'),
(2, 24, 'je veux 3 type fruits', 'Voici trois types de fruits :\n\n1. Pomme\n2. Banane\n3. Fraise', '2025-05-19 19:04:56'),
(3, 24, 'bonjour', 'Bonjour ! Comment allez-vous aujourd\'hui ?', '2025-05-19 19:37:08'),
(4, 24, '3+7', '10', '2025-05-19 20:47:56'),
(5, 24, 'le role  de react', 'React !\n\nReact (also known as React.js) is a popular JavaScript library for building user interfaces. It\'s maintained by Facebook and a community of developers.\n\nHere are some key features and roles that React plays:\n\n1. **View Layer**: React is primarily used to manage the view layer of your application, which includes rendering UI components.\n2. **Components**: React introduces the concept of reusable UI components (JSX files or functional components). These components can contain other components, making it easy to build complex user interfaces.\n3. **Virtual DOM**: React uses a virtual DOM (a lightweight in-memory representation of the real DOM) to optimize rendering and improve performance. When your application\'s state changes, React updates the virtual DOM, which is then diffed with the real DOM, minimizing the number of actual DOM mutations.\n4. **One-way Data Binding**: React implements one-way data binding, meaning that the view layer (React components) only receives updates from the state or props, not the other way around. This simplifies the development process and reduces errors.\n5. **State Management**: React provides built-in support for managing state through its `useState` hook or by using a state management library like Redux or MobX.\n6. **Event Handling**: React offers robust event handling capabilities through its `addEventListener` method, making it easy to handle user interactions (e.g., clicks, hover effects).\n7. **Server-Side Rendering (SSR)**: React can be used for server-side rendering (SSR) with technologies like Next.js or Gatsby, enabling SEO-friendly and statically generated websites.\n8. **Integration**: React can be easily integrated with other libraries and frameworks, such as:\n	* State management: Redux, MobX, or Vuex\n	* Routing: React Router, Reach Router, or Next.js\'s built-in routing\n	* Internationalization (i18n) and localization (L10n): i18next, react-intl, or globalize\n	* Build tools: Webpack, Rollup, or Babel\n\nIn summary, React plays a crucial role in building modern web applications by providing:\n\n1. A robust view layer for rendering UI components.\n2. Support for reusable and composable components.\n3. Efficient virtual DOM management for fast rendering.\n4. One-way data binding to simplify state management.\n5. Event handling capabilities for user interactions.\n\nBy mastering React, you can create complex, interactive, and maintainable web applications with ease!', '2025-05-19 22:09:12'),
(6, 25, 'donne definition de laravel', 'Laravel !\n\nVoici une dfinition de Laravel :\n\n**Laravel** est un framework web open-source PHP, conu pour faciliter le dveloppement de applications web robustes et scalables. Il a t cr en 2011 par Taylor Otwell et est maintenant maintenu par la communaut Laravel.\n\n**Caractristiques cls de Laravel :**\n\n1. **Modle-Vue-Contrleur (MVC)** : structure de dveloppement oriente objet qui spare les parties du code en modle, vue et contrleur.\n2. **Route-based routing** : systme de routing bas sur des chemins dfinis dans le fichier `routes.php`, ce qui facilite la dfinition des routes pour les applications web.\n3. **Eloquent ORM** : bibliothque d\'objets-relational mapping (ORM) intgre  Laravel, qui permet de manipuler des bases de donnes avec un langage PHP simple et naturel.\n4. **Blade templating engine** : moteur de template intgr  Laravel, qui permet de sparer les logique de prsentation du code mtier.\n5. **Artisan CLI** : outil de ligne de commande intgr  Laravel, qui permet d\'excuter des tches rptitives et de gnrer du code automatiquement.\n6. **Package discovery** : mcanisme qui permet aux dveloppeurs d\'installer et de grer des packages (bibliothques) supplmentaires pour les applications Laravel.\n\n**Avantages de Laravel :**\n\n1. Facilite le dveloppement rapide et scalable.\n2. Intgre un ensemble d\'utilitaires et de bibliothques utiles pour les dveloppeurs PHP.\n3. Favorise la sparation des concerns (separation of concerns) entre modle, vue et contrleur.\n4. Permet une gestion efficace des erreurs et des exceptions.\n\n**Utilisations courantes de Laravel :**\n\n1. Cration d\'applications web complexes (e-commerce, blog, forum, etc.).\n2. Dveloppement de microservices pour les applications cloud-native.\n3. Cration de APIs RESTful pour les applications mobiles ou desktop.\n4. Gestion de bases de donnes et de stockage de fichiers.\n\nEn rsum, Laravel est un framework web PHP qui offre une structure robuste et facile  utiliser pour le dveloppement d\'applications web scalables et scurises.', '2025-05-20 08:13:55'),
(7, 20, 'node js', 'Node.js!\n\nNode.js is a JavaScript runtime built on Chrome\'s V8 JavaScript engine that allows developers to create scalable and high-performance web applications. Here are some key features and benefits of using Node.js:\n\n**Key Features:**\n\n1. **Event-driven, non-blocking I/O**: Node.js uses an event-driven, non-blocking I/O model, which means that your code can handle multiple requests concurrently without blocking.\n2. **JavaScript runtime**: Node.js is built on top of the V8 JavaScript engine, allowing you to use JavaScript as your programming language.\n3. **Modules and packages**: Node.js has a vast ecosystem of packages and modules available through npm (Node Package Manager), which makes it easy to find and install dependencies for your project.\n\n**Benefits:**\n\n1. **Fast and scalable**: Node.js is designed to handle high traffic and large-scale applications, making it an excellent choice for real-time web applications.\n2. **Low overhead**: Node.js has a low memory footprint, making it suitable for small servers or embedded systems.\n3. **Easy to learn**: If you\'re already familiar with JavaScript, you\'ll find that Node.js is easy to pick up and use.\n4. **Large community**: The Node.js community is large and active, with many developers contributing to the ecosystem and providing support.\n\n**Common Use Cases:**\n\n1. **Web development**: Node.js is often used for building web applications, such as RESTful APIs, single-page applications (SPAs), and real-time collaboration platforms.\n2. **Real-time data processing**: Node.js is well-suited for handling large amounts of real-time data, such as IoT sensor readings or social media updates.\n3. **Microservices architecture**: Node.js can be used to build microservices that interact with each other and other systems.\n4. **IoT and edge computing**: Node.js can run on embedded devices and edge servers, making it a popular choice for IoT applications.\n\n**Popular Frameworks:**\n\n1. **Express.js**: A lightweight framework for building web applications.\n2. **Koa.js**: A next-generation framework that simplifies the development process.\n3. **Hapi**: A rich set of plugins and features for building robust APIs.\n4. **Meteor**: A full-stack JavaScript framework for building real-time applications.\n\n**Popular Libraries:**\n\n1. **Redis**: An in-memory data store that provides high performance and low latency.\n2. **MongoDB**: A popular NoSQL database that stores JSON-like documents.\n3. **GraphQL**: A query language for APIs that allows for efficient data retrieval.\n4. **Socket.io**: A library for building real-time, bi-directional communication between clients and servers.\n\nOverall, Node.js is an excellent choice for building scalable, high-performance web applications with a strong focus on real-time data processing and microservices architecture.', '2025-05-20 12:54:15'),
(9, 24, 'hellow', 'Hello! It\'s nice to meet you. Is there something I can help you with, or would you like to chat?', '2025-05-20 21:25:17'),
(10, 24, '6/5+88/9', 'To evaluate this expression, we need to follow the order of operations (PEMDAS):\n\n1. Divide 6 by 5: 6  5 = 1.2\n2. Divide 88 by 9: 88  9 = 9.78\n3. Add the two results together: 1.2 + 9.78 = 11\n\nSo the final answer is 11!', '2025-05-20 22:37:11'),
(12, 24, ' sisco', 'You\'re referring to the iconic TV show \"Star Trek: Deep Space Nine\" and its chief of security, Major Kira Nerys\' love interest, Benjamin Sisko!\n\nBenjamin Sisko, played by Avery Brooks, was the commander of the space station Deep Space Nine from 2369 to 2375. He\'s a great character with a rich backstory and a strong sense of duty and responsibility.\n\nAs for the show itself, \"Star Trek: Deep Space Nine\" is often regarded as one of the best entries in the Star Trek franchise. It explores complex themes like war, terrorism, and the nature of good and evil, all set against the backdrop of a war-torn galaxy.\n\nWhat\'s your favorite episode or memory from DS9?', '2025-05-21 18:18:53'),
(13, 24, 'GOOGLE', 'Google!\n\nHere are some interesting facts about Google:\n\n1. **Origin**: Google was founded in 1998 by Larry Page and Sergey Brin while they were Ph.D. students at Stanford University.\n2. **Search engine**: Google\'s search algorithm is based on a system called PageRank, which assesses the importance of a webpage based on the number and quality of links pointing to it.\n3. **Name**: The name \"Google\" comes from the word \"googol,\" a mathematical term for 1 followed by 100 zeros. Page and Brin wanted their search engine to be able to handle large amounts of data, hence the name Google (a playful combination of \"go\" and \"og\").\n4. **Initial funding**: Google was initially funded with a $100,000 investment from Andy Bechtolsheim, one of the co-founders of Sun Microsystems.\n5. **IPO**: Google went public in 2004 with an initial public offering (IPO) that raised over $1.2 billion.\n6. **Acquisitions**: Google has acquired over 150 companies and products, including Android, YouTube, Waze, Nest, and DoubleClick.\n7. **Revenue**: Google\'s primary source of revenue is advertising, primarily through its AdWords platform. In 2020, the company generated $161.8 billion in ad revenue alone.\n8. **Innovation**: Google has developed many innovative products and services, including Gmail (2004), Google Maps (2005), Google Chrome (2008), and Google Drive (2012).\n9. **Artificial intelligence**: Google is a leader in artificial intelligence (AI) research and development, with projects like DeepMind, TensorFlow, and Google Assistant.\n10. **Impact**: Google has had a significant impact on the world, from revolutionizing search to transforming industries like healthcare, finance, and education.\n\nThese are just a few of the many fascinating facts about Google!', '2025-05-21 21:12:35');

-- --------------------------------------------------------

--
-- Table structure for table `emploi_du_temps`
--

CREATE TABLE `emploi_du_temps` (
  `id` int(11) NOT NULL,
  `groupe_id` int(11) DEFAULT NULL,
  `matiere_id` int(11) DEFAULT NULL,
  `jour_semaine` enum('Lundi','Mardi','Mercredi','Jeudi','Vendredi','Samedi') DEFAULT NULL,
  `heure_debut` time DEFAULT NULL,
  `heure_fin` time DEFAULT NULL,
  `salle` varchar(50) DEFAULT NULL
) ENGINE=InnoDB DEFAULT CHARSET=utf8mb4 COLLATE=utf8mb4_general_ci;

--
-- Dumping data for table `emploi_du_temps`
--

INSERT INTO `emploi_du_temps` (`id`, `groupe_id`, `matiere_id`, `jour_semaine`, `heure_debut`, `heure_fin`, `salle`) VALUES
(4, 1, 1, 'Lundi', '08:00:00', '13:00:00', 'sall 1'),
(5, 1, 3, 'Mardi', '14:00:00', '18:00:00', 'sall 3'),
(6, 1, 7, 'Mercredi', '10:00:00', '12:00:00', 'sall 5'),
(7, 1, 9, 'Jeudi', '08:00:00', '11:00:00', 'sall 3');

-- --------------------------------------------------------

--
-- Table structure for table `enseignant`
--

CREATE TABLE `enseignant` (
  `utilisateur_id` varchar(36) NOT NULL,
  `matiere` varchar(100) DEFAULT NULL,
  `groupe_id` varchar(36) DEFAULT NULL
) ENGINE=InnoDB DEFAULT CHARSET=utf8mb4 COLLATE=utf8mb4_general_ci;

-- --------------------------------------------------------

--
-- Table structure for table `enseignants`
--

CREATE TABLE `enseignants` (
  `id_utilisateur` int(11) NOT NULL
) ENGINE=InnoDB DEFAULT CHARSET=utf8mb4 COLLATE=utf8mb4_general_ci;

--
-- Dumping data for table `enseignants`
--

INSERT INTO `enseignants` (`id_utilisateur`) VALUES
(13),
(17),
(21),
(23),
(25),
(29);

-- --------------------------------------------------------

--
-- Table structure for table `enseignant_filiere`
--

CREATE TABLE `enseignant_filiere` (
  `enseignant_id` int(11) NOT NULL,
  `filiere_id` int(11) NOT NULL
) ENGINE=InnoDB DEFAULT CHARSET=utf8mb4 COLLATE=utf8mb4_general_ci;

--
-- Dumping data for table `enseignant_filiere`
--

INSERT INTO `enseignant_filiere` (`enseignant_id`, `filiere_id`) VALUES
(13, 2),
(13, 4),
(17, 3),
(21, 2),
(21, 4),
(23, 3),
(23, 4),
(25, 2),
(29, 3);

-- --------------------------------------------------------

--
-- Table structure for table `enseignant_groupe`
--

CREATE TABLE `enseignant_groupe` (
  `enseignant_id` int(11) NOT NULL,
  `groupe_id` int(11) NOT NULL
) ENGINE=InnoDB DEFAULT CHARSET=utf8mb4 COLLATE=utf8mb4_general_ci;

--
-- Dumping data for table `enseignant_groupe`
--

INSERT INTO `enseignant_groupe` (`enseignant_id`, `groupe_id`) VALUES
(13, 1),
(13, 2),
(17, 2),
(17, 3),
(17, 4),
(21, 1),
(21, 2),
(23, 3),
(23, 4),
(25, 1),
(29, 3),
(29, 4);

-- --------------------------------------------------------

--
-- Table structure for table `enseignant_matiere`
--

CREATE TABLE `enseignant_matiere` (
  `enseignant_id` int(11) NOT NULL,
  `matiere_id` int(11) NOT NULL
) ENGINE=InnoDB DEFAULT CHARSET=utf8mb4 COLLATE=utf8mb4_general_ci;

--
-- Dumping data for table `enseignant_matiere`
--

INSERT INTO `enseignant_matiere` (`enseignant_id`, `matiere_id`) VALUES
(13, 1),
(13, 3),
(17, 4),
(17, 5),
(21, 1),
(21, 3),
(23, 4),
(25, 1),
(29, 1),
(29, 3);

-- --------------------------------------------------------

--
-- Table structure for table `etudiant`
--

CREATE TABLE `etudiant` (
  `utilisateur_id` varchar(36) NOT NULL,
  `matricule` varchar(20) NOT NULL,
  `groupe_id` varchar(36) DEFAULT NULL
) ENGINE=InnoDB DEFAULT CHARSET=utf8mb4 COLLATE=utf8mb4_general_ci;

-- --------------------------------------------------------

--
-- Table structure for table `etudiants`
--

CREATE TABLE `etudiants` (
  `id_utilisateur` int(11) NOT NULL,
  `id_groupe` int(11) NOT NULL,
  `id_filiere` int(11) NOT NULL
) ENGINE=InnoDB DEFAULT CHARSET=utf8mb4 COLLATE=utf8mb4_general_ci;

--
-- Dumping data for table `etudiants`
--

INSERT INTO `etudiants` (`id_utilisateur`, `id_groupe`, `id_filiere`) VALUES
(11, 1, 2),
(16, 2, 2),
(18, 1, 2),
(22, 4, 3),
(24, 1, 2),
(26, 5, 4),
(30, 2, 2),
(31, 2, 2),
(32, 6, 4),
(37, 2, 2);

-- --------------------------------------------------------

--
-- Table structure for table `events`
--

CREATE TABLE `events` (
  `id` int(11) NOT NULL,
  `title` varchar(100) NOT NULL,
  `description` varchar(500) DEFAULT NULL,
  `start_time` datetime NOT NULL,
  `end_time` datetime NOT NULL,
  `user_id` int(11) NOT NULL
) ENGINE=InnoDB DEFAULT CHARSET=utf8mb4 COLLATE=utf8mb4_general_ci;

--
-- Dumping data for table `events`
--

INSERT INTO `events` (`id`, `title`, `description`, `start_time`, `end_time`, `user_id`) VALUES
(6, 'event1', 'sall 4', '2025-05-17 21:03:00', '2025-05-09 21:03:00', 20),
(12, 'event11', 'event44', '2025-05-17 21:59:00', '2025-05-12 02:59:00', 20),
(13, 'qqs', 'sall 3', '2025-05-12 22:31:00', '2025-05-12 01:31:00', 20),
(15, 'event2', 'sall 2 pol dia', '2025-05-15 23:53:00', '2025-05-15 04:53:00', 20),
(18, 'event', 'bn', '2025-05-16 01:48:00', '2025-05-16 01:48:00', 20),
(19, 'evnet', 'event sall 4', '2025-06-07 10:24:00', '2025-06-07 17:24:00', 20);

-- --------------------------------------------------------

--
-- Table structure for table `fichier`
--

CREATE TABLE `fichier` (
  `id` varchar(36) NOT NULL,
  `nom_fichier` varchar(255) NOT NULL,
  `type_fichier` varchar(50) DEFAULT NULL,
  `lien_fichier` text NOT NULL,
  `devoir_id` varchar(36) NOT NULL,
  `etudiant_id` varchar(36) DEFAULT NULL,
  `date_soumission` datetime DEFAULT NULL
) ENGINE=InnoDB DEFAULT CHARSET=utf8mb4 COLLATE=utf8mb4_general_ci;

-- --------------------------------------------------------

--
-- Table structure for table `filiere`
--

CREATE TABLE `filiere` (
  `id` int(11) NOT NULL,
  `nom` varchar(100) NOT NULL
) ENGINE=InnoDB DEFAULT CHARSET=utf8mb4 COLLATE=utf8mb4_general_ci;

--
-- Dumping data for table `filiere`
--

INSERT INTO `filiere` (`id`, `nom`) VALUES
(2, 'developpement'),
(3, 'indistrut'),
(4, 'gestion entreprise'),
(5, 'genie mecanique'),
(6, 'infrastructure digital'),
(7, 'intelligence artificial'),
(11, 'marketing'),
(12, 'ddd'),
(14, 'agriculture');

-- --------------------------------------------------------

--
-- Table structure for table `groupe`
--

CREATE TABLE `groupe` (
  `id` int(11) NOT NULL,
  `nom_groupe` varchar(100) DEFAULT NULL,
  `id_filiere` int(11) DEFAULT NULL
) ENGINE=InnoDB DEFAULT CHARSET=utf8mb4 COLLATE=utf8mb4_general_ci;

--
-- Dumping data for table `groupe`
--

INSERT INTO `groupe` (`id`, `nom_groupe`, `id_filiere`) VALUES
(1, 'M101', 2),
(2, 'M102', 2),
(3, 'IN101', 3),
(4, 'IN102', 3),
(5, 'M103', 2),
(6, 'M201', 2),
(7, 'M104', 2),
(8, 'ag101', 14),
(9, 'ag102', 14),
(10, 'ag103', 14),
(11, 'IN104', 3);

-- --------------------------------------------------------

--
-- Table structure for table `groupes`
--

CREATE TABLE `groupes` (
  `id` varchar(36) NOT NULL,
  `nom_groupe` varchar(100) NOT NULL
) ENGINE=InnoDB DEFAULT CHARSET=utf8mb4 COLLATE=utf8mb4_general_ci;

-- --------------------------------------------------------

--
-- Table structure for table `matiere`
--

CREATE TABLE `matiere` (
  `id` int(11) NOT NULL,
  `nom` varchar(100) DEFAULT NULL,
  `id_filiere` int(11) DEFAULT NULL,
  `enseignant_id` int(11) DEFAULT NULL
) ENGINE=InnoDB DEFAULT CHARSET=utf8mb4 COLLATE=utf8mb4_general_ci;

--
-- Dumping data for table `matiere`
--

INSERT INTO `matiere` (`id`, `nom`, `id_filiere`, `enseignant_id`) VALUES
(1, 'java', 2, NULL),
(3, 'sql', 2, NULL),
(4, 'Micanique', 3, NULL),
(5, 'Mantenence', 3, NULL),
(6, 'metier et formation', 2, NULL),
(7, 'metier et formation', 3, NULL),
(8, 'metier et formation', 5, NULL),
(9, 'agile', 2, NULL),
(10, 'plp', 14, NULL);

-- --------------------------------------------------------

--
-- Table structure for table `notification`
--

CREATE TABLE `notification` (
  `id` char(36) NOT NULL,
  `message` text NOT NULL,
  `date_envoi` timestamp NOT NULL DEFAULT current_timestamp(),
  `destinataire_id` char(36) NOT NULL
) ENGINE=InnoDB DEFAULT CHARSET=utf8mb4 COLLATE=utf8mb4_general_ci;

-- --------------------------------------------------------

--
-- Table structure for table `soumissions_devoirs`
--

CREATE TABLE `soumissions_devoirs` (
  `id` int(11) NOT NULL,
  `devoir_id` int(11) NOT NULL,
  `etudiant_id` int(11) NOT NULL,
  `fichier` varchar(255) DEFAULT NULL,
  `date_soumission` datetime DEFAULT current_timestamp(),
  `note` decimal(5,2) DEFAULT NULL,
  `commentaire` text DEFAULT NULL
) ENGINE=InnoDB DEFAULT CHARSET=utf8mb4 COLLATE=utf8mb4_general_ci;

--
-- Dumping data for table `soumissions_devoirs`
--

INSERT INTO `soumissions_devoirs` (`id`, `devoir_id`, `etudiant_id`, `fichier`, `date_soumission`, `note`, `commentaire`) VALUES
(4, 12, 22, '/Users/abdessamad/Desktop/projet_ent/backend/devoires-service/app/uploads/soumissions/DEVOWFS206.pdf', '2025-05-15 09:43:41', NULL, 'alll'),
(7, 19, 24, '/Users/abdessamad/Desktop/projet_ent/backend/devoires-service/app/uploads/soumissions/Auto-sauvegarde_des_donnees_dun_formulaire_avec_useEffect_.docx', '2025-05-16 10:04:04', NULL, 'dbee'),
(8, 19, 24, '/Users/abdessamad/Desktop/projet_ent/backend/devoires-service/app/uploads/soumissions/b154056a6ab54f5e982fbe0c6a070ddf_Untitled_3.pdf', '2025-05-16 10:15:47', NULL, 'ddddddd'),
(9, 20, 24, '/Users/abdessamad/Desktop/projet_ent/backend/devoires-service/app/uploads/soumissions/Black_Blue_Neon_Creative_Graphic_Designer_Resume_1.pdf', '2025-05-16 11:46:48', NULL, 'sfezf'),
(11, 33, 31, '/Users/abdessamad/Desktop/projet_ent/backend/devoires-service/app/uploads/soumissions/Black_Blue_Neon_Creative_Graphic_Designer_Resume_1.pdf', '2025-05-17 15:54:42', NULL, 'fffffffff'),
(12, 34, 24, '/Users/abdessamad/Desktop/projet_ent/backend/devoires-service/app/uploads/soumissions/Approche_agile_resume_finale_1.pdf', '2025-05-18 20:52:23', NULL, 'eeeeee');

-- --------------------------------------------------------

--
-- Table structure for table `utilisateurs`
--

CREATE TABLE `utilisateurs` (
  `id` int(11) NOT NULL,
  `nom` varchar(50) DEFAULT NULL,
  `prenom` varchar(50) DEFAULT NULL,
  `email` varchar(100) DEFAULT NULL,
  `mot_de_passe` varchar(255) DEFAULT NULL,
  `role` enum('etudiant','enseignant','administrateur') NOT NULL
) ENGINE=InnoDB DEFAULT CHARSET=utf8mb4 COLLATE=utf8mb4_general_ci;

--
-- Dumping data for table `utilisateurs`
--

INSERT INTO `utilisateurs` (`id`, `nom`, `prenom`, `email`, `mot_de_passe`, `role`) VALUES
(5, 'ali', 'ali', 'ali@gmail.com', '123456789', 'administrateur'),
(11, 'samir', 'samir', 'samir@gmail.com', '123456789', 'etudiant'),
(13, 'prof11', 'proff11', 'prof11@gmail.com', '123456789', 'enseignant'),
(15, 'admin', 'admin', 'admin@gmail.com', '123456789', 'administrateur'),
(16, 'etud', 'etud', 'etud@gmail.com', '123456789', 'etudiant'),
(17, 'prof1', 'prof1', 'prof1@gmail.com', 'scrypt:32768:8:1$I7NYRan91rUvLg2L$f9e28a48ff14d63bf4dbbddbdfa51d98efc3269c5640e76c7334146058151ac18f36353d7fc3c15f90275e975f84bbaa3773c2a53491d9688b6c7bbc98cad7b8', 'enseignant'),
(18, 'adam', 'adam', 'adam@gmail.com', 'scrypt:32768:8:1$GqhDnvHwBxEL7PZ1$a674cd1c71a34742bb2ac741c0ece46afd8183328149409e0a4dc16f6d2a082bb521d70e326197dd77c6d2b09015c44fec4edf5a315563da73b50b06a9e3305f', 'etudiant'),
(20, 'a', 'a', 'a@gmail.com', 'scrypt:32768:8:1$hykZUkOBD0XFusCL$52b90eebe44c964e111e2b711341cc0e8051502131f9c2ae539661321731f865c73a8727a480b1641b5ef693b9f8fe7c42888e7ff4d9ba89b422dfe18ab831b9', 'administrateur'),
(21, 'prof2', 'prof2', 'prof2@gmail.com', 'scrypt:32768:8:1$daMsMesXyPSHiJS9$52a94754bfbb04d8939d8ebf0cc2d568b170429fd2d26ad8b73f9fdb0d3e916af370571be65e60055db75e88c3ae1650bcb7761f83b51a5f7d3da62417fb4c65', 'enseignant'),
(22, 'anas', 'anas', 'anas@gmail.com', 'scrypt:32768:8:1$F2CLCjRzijCEQeV5$ffc46ac424c5c878b311eee3757937fe1e7cd62f4d4e97220611bfbd0b2f91ae2c5abe9978de1d94ea04062d2c84e41d9a06dbda6ef43f5dab8088c4305a61ba', 'etudiant'),
(23, 'prof3', 'prof3', 'prof3@gmail.com', 'scrypt:32768:8:1$MhCYRQtcVbtjJ0Gr$8dc0252609fd1366ec9e8197a17f7577b6b6383aed980766355f0e4d290df439ad30338a7da50bc2035b161f689d5ff4149e802c44a05048684104bc122f9520', 'enseignant'),
(24, 'etudiant', 'etudiant', 'etudiant@gmail.com', 'scrypt:32768:8:1$6icrFnkEfG52kVRl$788440bfdf82f685e6c9f78c0c636b36ab91a42ee74a2ca5998360b21542de3a64ff49d56af1f054300df44e1d920e1fdb3af5118e1bd40e14ff94f9b7313074', 'etudiant'),
(25, 'prof', 'prof', 'prof@gmail.com', 'scrypt:32768:8:1$ksKpv83JYwz0LTCr$bac6a095599b24b1cf961967170194547e212ecab1afe9d5e28c63c6e081884961161b76039fbf8d5214d448e5335c7d30b10472745ae575264eafe7a8431332', 'enseignant'),
(26, 'etud1', 'etud1', 'etud1@gmail.com', 'scrypt:32768:8:1$ieBKtZPveyPbfaH3$733f27d6c660373471f256d6af2e3f1d94145861469eb6fbfad83b293599b7b16759a1dfaba4078ab05263c19a4c8b1fc411efe7869872ff8ef88fcccfda7e1e', 'etudiant'),
(29, 'prof4', 'prof4', 'prof4@gmail.com', 'scrypt:32768:8:1$FByfu3M9yY6YeeDh$92bdec48aded0469f9500609fd021972de4c673c171f591c0678fa748ab13ebcfe45fa51dfb9f330500a707517f3f1be36ee15d16dbe4406b089485a00fbc053', 'enseignant'),
(30, 'etud3-1', 'etud3', 'etud3@gmail.com', '123456789', 'etudiant'),
(31, 'etud5', 'etud5', 'etud5@gmail.com', 'scrypt:32768:8:1$htaM9oUjchvHN36M$dddfb85fb2c1372a124b5131e44216c61f4f82714b254a90338c446b8c5130fafd8449169a428307c6374e3d3a1062f7fcab1ccc62728eaae45384a994b1473e', 'etudiant'),
(32, 'etud6', 'etud6', 'etud6@gmail.com', 'scrypt:32768:8:1$90ARf87EK7wtOBQv$e42edef92d2949ba5d9005a3f323a64c1e49d355463c6e0b1716d0195634658c555daa9433fba60bf024e12768e9edb99ac3b6443bcd4a311300ef2a9bb1700e', 'etudiant'),
(37, 'ali', 'ali', 'ali1@gmail.com', 'scrypt:32768:8:1$6Cs4hOktEyU9Kw1h$756b7118800d094fdd32232c053f9c079ef31664177ac6a829a2dee2dfccaaad186c8d1ccc8c707eade4a29e7bd0f8bff2b81aa7f70e3ff1f43f69818b0e03e4', 'etudiant');

--
-- Indexes for dumped tables
--

--
-- Indexes for table `administrateur`
--
ALTER TABLE `administrateur`
  ADD PRIMARY KEY (`utilisateur_id`);

--
-- Indexes for table `authentification`
--
ALTER TABLE `authentification`
  ADD PRIMARY KEY (`id`),
  ADD KEY `utilisateur_id` (`utilisateur_id`);

--
-- Indexes for table `calendrier`
--
ALTER TABLE `calendrier`
  ADD PRIMARY KEY (`id`),
  ADD KEY `utilisateur_id` (`utilisateur_id`);

--
-- Indexes for table `chatbot_log`
--
ALTER TABLE `chatbot_log`
  ADD PRIMARY KEY (`id`),
  ADD KEY `utilisateur_id` (`utilisateur_id`);

--
-- Indexes for table `cours`
--
ALTER TABLE `cours`
  ADD PRIMARY KEY (`id`),
  ADD KEY `enseignant_id` (`enseignant_id`),
  ADD KEY `filiere_id` (`filiere_id`),
  ADD KEY `matiere_id` (`matiere_id`),
  ADD KEY `fk_cours_groupe` (`groupe_id`);

--
-- Indexes for table `cours_groupes`
--
ALTER TABLE `cours_groupes`
  ADD PRIMARY KEY (`cours_id`,`groupe_id`),
  ADD KEY `groupe_id` (`groupe_id`);

--
-- Indexes for table `devoir`
--
ALTER TABLE `devoir`
  ADD PRIMARY KEY (`id`),
  ADD KEY `etudiant_id` (`etudiant_id`),
  ADD KEY `enseignant_id` (`enseignant_id`);

--
-- Indexes for table `devoirs`
--
ALTER TABLE `devoirs`
  ADD PRIMARY KEY (`id`),
  ADD KEY `enseignant_id` (`enseignant_id`),
  ADD KEY `groupe_id` (`groupe_id`);

--
-- Indexes for table `discussion_bot`
--
ALTER TABLE `discussion_bot`
  ADD PRIMARY KEY (`id`),
  ADD KEY `utilisateur_id` (`utilisateur_id`);

--
-- Indexes for table `emploi_du_temps`
--
ALTER TABLE `emploi_du_temps`
  ADD PRIMARY KEY (`id`),
  ADD KEY `groupe_id` (`groupe_id`),
  ADD KEY `matiere_id` (`matiere_id`);

--
-- Indexes for table `enseignant`
--
ALTER TABLE `enseignant`
  ADD PRIMARY KEY (`utilisateur_id`),
  ADD KEY `groupe_id` (`groupe_id`);

--
-- Indexes for table `enseignants`
--
ALTER TABLE `enseignants`
  ADD PRIMARY KEY (`id_utilisateur`);

--
-- Indexes for table `enseignant_filiere`
--
ALTER TABLE `enseignant_filiere`
  ADD PRIMARY KEY (`enseignant_id`,`filiere_id`),
  ADD KEY `filiere_id` (`filiere_id`);

--
-- Indexes for table `enseignant_groupe`
--
ALTER TABLE `enseignant_groupe`
  ADD PRIMARY KEY (`enseignant_id`,`groupe_id`),
  ADD KEY `groupe_id` (`groupe_id`);

--
-- Indexes for table `enseignant_matiere`
--
ALTER TABLE `enseignant_matiere`
  ADD PRIMARY KEY (`enseignant_id`,`matiere_id`),
  ADD KEY `matiere_id` (`matiere_id`);

--
-- Indexes for table `etudiant`
--
ALTER TABLE `etudiant`
  ADD PRIMARY KEY (`utilisateur_id`),
  ADD UNIQUE KEY `matricule` (`matricule`),
  ADD KEY `groupe_id` (`groupe_id`);

--
-- Indexes for table `etudiants`
--
ALTER TABLE `etudiants`
  ADD PRIMARY KEY (`id_utilisateur`),
  ADD KEY `id_groupe` (`id_groupe`),
  ADD KEY `id_filiere` (`id_filiere`);

--
-- Indexes for table `events`
--
ALTER TABLE `events`
  ADD PRIMARY KEY (`id`),
  ADD KEY `user_id` (`user_id`);

--
-- Indexes for table `fichier`
--
ALTER TABLE `fichier`
  ADD PRIMARY KEY (`id`),
  ADD KEY `devoir_id` (`devoir_id`),
  ADD KEY `etudiant_id` (`etudiant_id`);

--
-- Indexes for table `filiere`
--
ALTER TABLE `filiere`
  ADD PRIMARY KEY (`id`);

--
-- Indexes for table `groupe`
--
ALTER TABLE `groupe`
  ADD PRIMARY KEY (`id`),
  ADD KEY `id_filiere` (`id_filiere`);

--
-- Indexes for table `groupes`
--
ALTER TABLE `groupes`
  ADD PRIMARY KEY (`id`);

--
-- Indexes for table `matiere`
--
ALTER TABLE `matiere`
  ADD PRIMARY KEY (`id`),
  ADD KEY `id_filiere` (`id_filiere`),
  ADD KEY `fk_matiere_enseignant` (`enseignant_id`);

--
-- Indexes for table `notification`
--
ALTER TABLE `notification`
  ADD PRIMARY KEY (`id`),
  ADD KEY `destinataire_id` (`destinataire_id`);

--
-- Indexes for table `soumissions_devoirs`
--
ALTER TABLE `soumissions_devoirs`
  ADD PRIMARY KEY (`id`),
  ADD KEY `fk_etudiant` (`etudiant_id`);

--
-- Indexes for table `utilisateurs`
--
ALTER TABLE `utilisateurs`
  ADD PRIMARY KEY (`id`),
  ADD UNIQUE KEY `email` (`email`);

--
-- AUTO_INCREMENT for dumped tables
--

--
-- AUTO_INCREMENT for table `cours`
--
ALTER TABLE `cours`
  MODIFY `id` int(11) NOT NULL AUTO_INCREMENT, AUTO_INCREMENT=61;

--
-- AUTO_INCREMENT for table `devoirs`
--
ALTER TABLE `devoirs`
  MODIFY `id` int(11) NOT NULL AUTO_INCREMENT, AUTO_INCREMENT=35;

--
-- AUTO_INCREMENT for table `discussion_bot`
--
ALTER TABLE `discussion_bot`
  MODIFY `id` int(11) NOT NULL AUTO_INCREMENT, AUTO_INCREMENT=14;

--
-- AUTO_INCREMENT for table `emploi_du_temps`
--
ALTER TABLE `emploi_du_temps`
  MODIFY `id` int(11) NOT NULL AUTO_INCREMENT, AUTO_INCREMENT=8;

--
-- AUTO_INCREMENT for table `events`
--
ALTER TABLE `events`
  MODIFY `id` int(11) NOT NULL AUTO_INCREMENT, AUTO_INCREMENT=20;

--
-- AUTO_INCREMENT for table `filiere`
--
ALTER TABLE `filiere`
  MODIFY `id` int(11) NOT NULL AUTO_INCREMENT, AUTO_INCREMENT=15;

--
-- AUTO_INCREMENT for table `groupe`
--
ALTER TABLE `groupe`
  MODIFY `id` int(11) NOT NULL AUTO_INCREMENT, AUTO_INCREMENT=14;

--
-- AUTO_INCREMENT for table `matiere`
--
ALTER TABLE `matiere`
  MODIFY `id` int(11) NOT NULL AUTO_INCREMENT, AUTO_INCREMENT=11;

--
-- AUTO_INCREMENT for table `soumissions_devoirs`
--
ALTER TABLE `soumissions_devoirs`
  MODIFY `id` int(11) NOT NULL AUTO_INCREMENT, AUTO_INCREMENT=13;

--
-- AUTO_INCREMENT for table `utilisateurs`
--
ALTER TABLE `utilisateurs`
  MODIFY `id` int(11) NOT NULL AUTO_INCREMENT, AUTO_INCREMENT=38;

--
-- Constraints for dumped tables
--

--
-- Constraints for table `administrateur`
--
ALTER TABLE `administrateur`
  ADD CONSTRAINT `administrateur_ibfk_1` FOREIGN KEY (`utilisateur_id`) REFERENCES `utilisateur` (`id`) ON DELETE CASCADE;

--
-- Constraints for table `authentification`
--
ALTER TABLE `authentification`
  ADD CONSTRAINT `authentification_ibfk_1` FOREIGN KEY (`utilisateur_id`) REFERENCES `utilisateur` (`id`) ON DELETE CASCADE;

--
-- Constraints for table `calendrier`
--
ALTER TABLE `calendrier`
  ADD CONSTRAINT `calendrier_ibfk_1` FOREIGN KEY (`utilisateur_id`) REFERENCES `utilisateur` (`id`) ON DELETE CASCADE;

--
-- Constraints for table `chatbot_log`
--
ALTER TABLE `chatbot_log`
  ADD CONSTRAINT `chatbot_log_ibfk_1` FOREIGN KEY (`utilisateur_id`) REFERENCES `utilisateur` (`id`) ON DELETE CASCADE;

--
-- Constraints for table `cours`
--
ALTER TABLE `cours`
  ADD CONSTRAINT `cours_ibfk_1` FOREIGN KEY (`enseignant_id`) REFERENCES `utilisateurs` (`id`) ON DELETE CASCADE,
  ADD CONSTRAINT `cours_ibfk_2` FOREIGN KEY (`filiere_id`) REFERENCES `filiere` (`id`) ON DELETE CASCADE,
  ADD CONSTRAINT `cours_ibfk_3` FOREIGN KEY (`matiere_id`) REFERENCES `matiere` (`id`) ON DELETE SET NULL,
  ADD CONSTRAINT `fk_cours_groupe` FOREIGN KEY (`groupe_id`) REFERENCES `groupe` (`id`) ON DELETE CASCADE;

--
-- Constraints for table `cours_groupes`
--
ALTER TABLE `cours_groupes`
  ADD CONSTRAINT `cours_groupes_ibfk_1` FOREIGN KEY (`cours_id`) REFERENCES `cours` (`id`) ON DELETE CASCADE,
  ADD CONSTRAINT `cours_groupes_ibfk_2` FOREIGN KEY (`groupe_id`) REFERENCES `groupe` (`id`) ON DELETE CASCADE;

--
-- Constraints for table `devoir`
--
ALTER TABLE `devoir`
  ADD CONSTRAINT `devoir_ibfk_1` FOREIGN KEY (`etudiant_id`) REFERENCES `etudiant` (`utilisateur_id`),
  ADD CONSTRAINT `devoir_ibfk_2` FOREIGN KEY (`enseignant_id`) REFERENCES `enseignant` (`utilisateur_id`);

--
-- Constraints for table `devoirs`
--
ALTER TABLE `devoirs`
  ADD CONSTRAINT `devoirs_ibfk_1` FOREIGN KEY (`enseignant_id`) REFERENCES `enseignants` (`id_utilisateur`),
  ADD CONSTRAINT `devoirs_ibfk_2` FOREIGN KEY (`groupe_id`) REFERENCES `groupe` (`id`);

--
-- Constraints for table `discussion_bot`
--
ALTER TABLE `discussion_bot`
  ADD CONSTRAINT `discussion_bot_ibfk_1` FOREIGN KEY (`utilisateur_id`) REFERENCES `utilisateurs` (`id`) ON DELETE SET NULL;

--
-- Constraints for table `emploi_du_temps`
--
ALTER TABLE `emploi_du_temps`
  ADD CONSTRAINT `emploi_du_temps_ibfk_1` FOREIGN KEY (`groupe_id`) REFERENCES `groupe` (`id`),
  ADD CONSTRAINT `emploi_du_temps_ibfk_2` FOREIGN KEY (`matiere_id`) REFERENCES `matiere` (`id`);

--
-- Constraints for table `enseignant`
--
ALTER TABLE `enseignant`
  ADD CONSTRAINT `enseignant_ibfk_1` FOREIGN KEY (`groupe_id`) REFERENCES `groupes` (`id`) ON DELETE CASCADE;

--
-- Constraints for table `enseignants`
--
ALTER TABLE `enseignants`
  ADD CONSTRAINT `enseignants_ibfk_1` FOREIGN KEY (`id_utilisateur`) REFERENCES `utilisateurs` (`id`);

--
-- Constraints for table `enseignant_filiere`
--
ALTER TABLE `enseignant_filiere`
  ADD CONSTRAINT `enseignant_filiere_ibfk_1` FOREIGN KEY (`enseignant_id`) REFERENCES `enseignants` (`id_utilisateur`) ON DELETE CASCADE,
  ADD CONSTRAINT `enseignant_filiere_ibfk_2` FOREIGN KEY (`filiere_id`) REFERENCES `filiere` (`id`) ON DELETE CASCADE;

--
-- Constraints for table `enseignant_groupe`
--
ALTER TABLE `enseignant_groupe`
  ADD CONSTRAINT `enseignant_groupe_ibfk_1` FOREIGN KEY (`enseignant_id`) REFERENCES `enseignants` (`id_utilisateur`) ON DELETE CASCADE,
  ADD CONSTRAINT `enseignant_groupe_ibfk_2` FOREIGN KEY (`groupe_id`) REFERENCES `groupe` (`id`) ON DELETE CASCADE;

--
-- Constraints for table `enseignant_matiere`
--
ALTER TABLE `enseignant_matiere`
  ADD CONSTRAINT `enseignant_matiere_ibfk_1` FOREIGN KEY (`enseignant_id`) REFERENCES `enseignants` (`id_utilisateur`) ON DELETE CASCADE,
  ADD CONSTRAINT `enseignant_matiere_ibfk_2` FOREIGN KEY (`matiere_id`) REFERENCES `matiere` (`id`) ON DELETE CASCADE;

--
-- Constraints for table `etudiant`
--
ALTER TABLE `etudiant`
  ADD CONSTRAINT `etudiant_ibfk_1` FOREIGN KEY (`groupe_id`) REFERENCES `groupes` (`id`) ON DELETE CASCADE;

--
-- Constraints for table `etudiants`
--
ALTER TABLE `etudiants`
  ADD CONSTRAINT `etudiants_ibfk_1` FOREIGN KEY (`id_utilisateur`) REFERENCES `utilisateurs` (`id`),
  ADD CONSTRAINT `etudiants_ibfk_2` FOREIGN KEY (`id_groupe`) REFERENCES `groupe` (`id`),
  ADD CONSTRAINT `etudiants_ibfk_3` FOREIGN KEY (`id_filiere`) REFERENCES `filiere` (`id`);

--
-- Constraints for table `events`
--
ALTER TABLE `events`
  ADD CONSTRAINT `events_ibfk_1` FOREIGN KEY (`user_id`) REFERENCES `utilisateurs` (`id`) ON DELETE CASCADE;

--
-- Constraints for table `fichier`
--
ALTER TABLE `fichier`
  ADD CONSTRAINT `fichier_ibfk_1` FOREIGN KEY (`devoir_id`) REFERENCES `devoir` (`id`) ON DELETE CASCADE,
  ADD CONSTRAINT `fichier_ibfk_2` FOREIGN KEY (`etudiant_id`) REFERENCES `etudiant` (`utilisateur_id`);

--
-- Constraints for table `groupe`
--
ALTER TABLE `groupe`
  ADD CONSTRAINT `groupe_ibfk_1` FOREIGN KEY (`id_filiere`) REFERENCES `filiere` (`id`) ON DELETE CASCADE;

--
-- Constraints for table `matiere`
--
ALTER TABLE `matiere`
  ADD CONSTRAINT `fk_matiere_enseignant` FOREIGN KEY (`enseignant_id`) REFERENCES `enseignants` (`id_utilisateur`),
  ADD CONSTRAINT `matiere_ibfk_1` FOREIGN KEY (`id_filiere`) REFERENCES `filiere` (`id`);

--
-- Constraints for table `notification`
--
ALTER TABLE `notification`
  ADD CONSTRAINT `notification_ibfk_1` FOREIGN KEY (`destinataire_id`) REFERENCES `utilisateur` (`id`) ON DELETE CASCADE;

--
-- Constraints for table `soumissions_devoirs`
--
ALTER TABLE `soumissions_devoirs`
  ADD CONSTRAINT `fk_etudiant` FOREIGN KEY (`etudiant_id`) REFERENCES `utilisateurs` (`id`) ON DELETE CASCADE;
COMMIT;

/*!40101 SET CHARACTER_SET_CLIENT=@OLD_CHARACTER_SET_CLIENT */;
/*!40101 SET CHARACTER_SET_RESULTS=@OLD_CHARACTER_SET_RESULTS */;
/*!40101 SET COLLATION_CONNECTION=@OLD_COLLATION_CONNECTION */;
